Seq;valor
1;6053,41
2;2919,89
3;5630,4
4;8966,36
5;642,99
6;9466,25
7;7403,88
8;1772,3
9;3339,58
10;9786,72
11;7341,96
12;1822,59
13;2288,72
14;8004,88
15;658,35
16;3407,03
17;5382,04
18;6514,12
19;1088,1
20;4089,62
21;8070,75
22;3282,2
23;9919,19
24;3008,23
25;3056,85
26;4247,98
27;1630,18
28;5110
29;4470,65
30;4228,83
31;2447,13
32;3340,03
33;4099,49
34;6548,06
35;3122,69
36;2037,49
37;264,02
38;1670,23
39;4598,1
40;2785,87
41;1365,22
42;6344,27
43;208,77
44;1199,03
45;1606,55
46;8802,45
47;2670,61
48;1120,89
49;9073,2
50;7922,59
51;6543,33
52;7494,3
53;7622,16
54;934,55
55;2237,94
56;442,05
57;4992,15
58;7237,36
59;1708,09
60;6091,17
61;6265,41
62;8712,85
63;2177,26
64;1499,99
65;2425,31
66;2759,11
67;6168,09
68;3028,36
69;5904,39
70;714,07
71;8141,08
72;6035,37
73;716,84
74;6501,5
75;915,64
76;1893,87
77;4891,32
78;4222,14
79;3266,91
80;8674,41
81;9240,46
82;3264,95
83;3435,45
84;5448,39
85;7501,52
86;9324,75
87;837,41
88;833,55
89;2037,12
90;2081,1
91;4534,09
92;1101,27
93;9741,73
94;5511,05
95;9506,71
96;3947,54
97;5025,79
98;9413
99;6492,19
100;6421,5
101;3086,22
102;4075,02
103;7246,56
104;1264,18
105;5067,49
106;8507,6
107;1352,57
108;1839,97
109;5812,14
110;8518,08
111;4784,9
112;4688,09
113;6695,27
114;5640,42
115;9545,68
116;9993,27
117;470,71
118;1990,73
119;2004,25
120;8463,87
121;3508,02
122;6005,41
123;7241,32
124;1099,4
125;8267,75
126;3031,47
127;8138,48
128;7561,59
129;7389,64
130;3801,48
131;9991,61
132;2369,47
133;5694,26
134;4668
135;109,57
136;3826,56
137;8656,18
138;2393,41
139;3827,07
140;8739,3
141;8044,95
142;3266,91
143;869,35
144;1101,69
145;7446,55
146;1479,96
147;2647,72
148;7605,2
149;1082,57
150;4572,12
151;6715,42
152;7745,9
153;4935,73
154;2310,18
155;8466,59
156;8536,03
157;9603,06
158;4641,88
159;5613,31
160;7434,3
161;3693,15
162;6075,1
163;1685,16
164;687,02
165;887,62
166;4774,61
167;9181,66
168;9559,97
169;1352,76
170;5466,19
171;572,69
172;5851,44
173;4116,24
174;6917,97
175;5918,88
176;3921,59
177;6604,17
178;5384,77
179;677,96
180;7974,7
181;3818,27
182;1755,25
183;4076,46
184;5040,43
185;3257,2
186;7976,1
187;4118,43
188;3222,07
189;4312,02
190;1656,7
191;707,4
192;5505,52
193;6037,59
194;7796,43
195;2735,3
196;4546,42
197;8039,82
198;5565,33
199;9333,43
200;9411,2
201;1389,59
202;9234,63
203;9255,89
204;669,24
205;1657,68
206;8687,65
207;9212,13
208;398,55
209;2835,03
210;4410,75
211;9907,6
212;2769,25
213;2022,1
214;1806,33
215;6347,75
216;9626,55
217;8755,09
218;1157,77
219;9740,18
220;8809,83
221;8480,9
222;5930,12
223;4504,53
224;7512,48
225;1312,61
226;3592,9
227;5668,4
228;2358,15
229;6177,97
230;3225,74
231;3069,88
232;6805,55
233;1654,57
234;3325,98
235;2986,7
236;9656,87
237;5149,66
238;7615,32
239;8788,22
240;4172,54
241;8402,11
242;720,86
243;8697,92
244;6610,03
245;567,25
246;7770,35
247;6312,67
248;1539,4
249;2049,39
250;4280,21
251;6248,42
252;1698,72
253;448,97
254;6996
255;1925,84
256;6452,56
257;8108,39
258;1193,52
259;7490
260;1961,19
261;6011,67
262;7397,99
263;1407,2
264;9899,71
265;224,74
266;4309,81
267;9388,62
268;9850,5
269;6413,08
270;2657,49
271;3042,05
272;6452,83
273;8433,74
274;3914,49
275;2420,12
276;8011,47
277;3356,9
278;9542,44
279;9907,44
280;7831,79
281;4336,95
282;7447,39
283;4484,68
284;9539,67
285;4378,67
286;9138,42
287;7193,73
288;2850,65
289;9996,15
290;3403,11
291;1742,84
292;319,22
293;1506,2
294;2172,23
295;2725,61
296;9211,16
297;3506,05
298;3842,72
299;4068,82
300;9606,45
301;1310,95
302;7068,04
303;7473,24
304;6231,95
305;6840,75
306;2351,53
307;4567,25
308;5083,47
309;2695,65
310;6885,78
311;6560,57
312;2229,53
313;3732,27
314;7534,66
315;3938,03
316;8738,97
317;4365,1
318;9373,22
319;417,89
320;2852,41
321;6334,46
322;8937,68
323;7884,13
324;1695,85
325;6504,68
326;4752,43
327;2750,39
328;3241,51
329;3195,81
330;8431,31
331;2368,1
332;6274,74
333;648,34
334;7972,2
335;9127,81
336;1574,38
337;8039,61
338;7142,76
339;8764,54
340;6006,26
341;2917,05
342;7236,98
343;2253,99
344;5107,3
345;6304,87
346;9200,48
347;8222,52
348;9308,56
349;8756,15
350;5448,21
351;8604,09
352;7959,14
353;2113,85
354;5299,17
355;3788,27
356;3024,02
357;6283,8
358;5120,97
359;7382,01
360;4276,93
361;3990,03
362;8790,25
363;2990,59
364;2330,31
365;2270,93
366;6361,38
367;6406,92
368;2814,87
369;6430,31
370;4261,95
371;9064,6
372;8574,24
373;6509,55
374;7964,78
375;7426,33
376;9777,72
377;7877,69
378;395,23
379;887,75
380;1798,93
381;5630,7
382;1136,9
383;7310,13
384;2252,59
385;3438,52
386;7771,26
387;467,5
388;4196,84
389;168,31
390;4532,91
391;970,57
392;7606,71
393;6020,11
394;529,85
395;2914,45
396;2395,57
397;612,11
398;1724,46
399;4982,36
400;1176,35
401;6904,18
402;9997,11
403;9103,73
404;1654,5
405;1468,46
406;1719,63
407;7473,43
408;243,12
409;9528,26
410;3644,04
411;8006,18
412;9537,67
413;9788,6
414;1852,08
415;8281,68
416;1771,77
417;753,42
418;938,81
419;3414,41
420;6607,3
421;4838,36
422;5795,81
423;1212,96
424;3279,78
425;9986,2
426;4197,11
427;2145,48
428;8883,22
429;8800,75
430;5951,42
431;7634,68
432;2425,93
433;4899,27
434;8972,73
435;925,94
436;6523,36
437;8071,85
438;7660,29
439;342,94
440;9567,15
441;1934
442;6884,73
443;592,68
444;546,93
445;5911,57
446;1043,22
447;783,57
448;5519,66
449;452,4
450;2258,03
451;7442,14
452;3734,52
453;4746,01
454;527,88
455;3784,53
456;8669,26
457;4538,19
458;4103,91
459;645,74
460;6583,84
461;9320,68
462;3280,13
463;3870,76
464;507,55
465;6652,8
466;6425,91
467;7757,04
468;628,81
469;4168,92
470;1375,1
471;9288,74
472;1196,01
473;1568,12
474;1671,34
475;4216,08
476;3733,66
477;8896,08
478;5527,95
479;3375,51
480;2766,88
481;2332,13
482;3177,93
483;6247,82
484;4106,19
485;7494,62
486;596,53
487;2623,19
488;4276,62
489;117,55
490;8107,81
491;9521,79
492;8395,32
493;6005,27
494;548,77
495;1032,45
496;5255,02
497;8601,82
498;6842,25
499;8937
500;5529,74
501;1422,7
502;9953,91
503;493,89
504;2396,26
505;2163,28
506;7583,07
507;8514,21
508;8897,22
509;4978,6
510;4928,21
511;205,07
512;8526,12
513;6153,55
514;4055,08
515;2242,34
516;3781,15
517;8769,3
518;8332,63
519;7006,06
520;4579,26
521;1143,03
522;8765,23
523;6443,78
524;2409,83
525;3230,08
526;4394,27
527;699,14
528;248,93
529;257,64
530;9630,36
531;4380,85
532;9172,18
533;940,41
534;6443,8
535;5862,36
536;7178,73
537;5699,97
538;3532,99
539;8366,63
540;7576,98
541;6846,42
542;4888,21
543;8536,25
544;7535,66
545;4286,8
546;5837,28
547;7672,15
548;7546,7
549;6028,74
550;9125,51
551;1366,49
552;1610,24
553;6924,11
554;5400,81
555;298,16
556;3060,11
557;7556,33
558;7673,56
559;5420,97
560;8186,64
561;2461,53
562;256,58
563;7608,37
564;4674,16
565;7575,54
566;9622,66
567;2397,37
568;460,41
569;4159,94
570;2860,03
571;8402,47
572;6494,69
573;1984,9
574;3999,03
575;8410,73
576;6545,61
577;2475,28
578;5864,68
579;4853,32
580;2399,21
581;9507,2
582;9743,44
583;3206,88
584;7555,48
585;236,63
586;2337,74
587;8010,82
588;1839,64
589;8453,57
590;9433,56
591;70,52
592;3808,51
593;3186,11
594;6240,5
595;6366,72
596;1729,62
597;8420,02
598;2371,41
599;1382,66
600;4933,04
601;6552,21
602;2918,48
603;7682,35
604;5438,42
605;4708,77
606;1480,78
607;1420,71
608;5826,35
609;4354,66
610;4214,95
611;9099,78
612;4065,74
613;9259,8
614;3655,61
615;8281,53
616;7075,49
617;7223,05
618;7128,9
619;9274,44
620;3598,33
621;7427,12
622;3667,09
623;5743,73
624;7415,85
625;2538,1
626;7167,79
627;2342,92
628;1170,45
629;3174,57
630;6539,19
631;5179,35
632;6010,09
633;2142,89
634;6536,16
635;6352,23
636;5339,98
637;4211,5
638;7606,92
639;9140,9
640;8626,11
641;2018,06
642;7792,01
643;8120,25
644;8856,37
645;3514,4
646;2748,86
647;7509,3
648;3437,75
649;4407,15
650;414,75
651;7906,28
652;335,43
653;778,98
654;3913,56
655;8577,68
656;5845,28
657;2645,83
658;9782,32
659;7436,67
660;4294,55
661;1574,65
662;4706,86
663;6983,1
664;3665,11
665;3541,29
666;3488,1
667;6306,66
668;1095,82
669;6316,16
670;811,37
671;6522,42
672;3369,74
673;4628,29
674;9975,36
675;4434,97
676;6352,1
677;337,46
678;5760,23
679;8282,94
680;8819,65
681;6077,09
682;6827,6
683;4455,37
684;1531,24
685;5875,37
686;9826,4
687;7179,61
688;5418,81
689;9746,58
690;5694,76
691;8204,49
692;2723,78
693;5387,88
694;6536,95
695;4710,77
696;5142,82
697;6982,79
698;2853,65
699;3041,6
700;2353,1
701;8922,45
702;2493,25
703;9356,49
704;27,12
705;5431,69
706;1867,38
707;889,17
708;4379,09
709;4629,76
710;441,83
711;7295,18
712;6737,8
713;3974,3
714;7573,76
715;268,89
716;8691,88
717;4037,86
718;8065,95
719;3645,05
720;602,74
721;4236,02
722;3375,74
723;1237,67
724;8622,34
725;9897,24
726;9875,93
727;3074,32
728;1838,65
729;4043,31
730;7973,7
731;702,79
732;4601,63
733;9116,27
734;9231,35
735;1702,86
736;9566,68
737;4774,31
738;7589,47
739;8005,47
740;1217,67
741;1127,1
742;2868,89
743;173,01
744;8394,01
745;8545,42
746;7319,8
747;9903,97
748;8416,94
749;4053,58
750;6258,25
751;1392,01
752;7643,66
753;2674,16
754;2885,2
755;1196,25
756;8432,28
757;4600,12
758;1788,68
759;5705,29
760;9899,64
761;1671,78
762;7922,74
763;9357,37
764;1401,65
765;1396,07
766;7368,31
767;7297,09
768;7298,56
769;9958,09
770;9684,25
771;296,36
772;6606,01
773;9880,59
774;4628,19
775;7909,43
776;3256,6
777;7591,54
778;4601,25
779;7613,31
780;6657,39
781;1843,46
782;1464,15
783;3019,41
784;6059,02
785;4630,11
786;7402,35
787;2433,78
788;7423,17
789;1174,25
790;7083,34
791;1936,47
792;6723,55
793;9946,33
794;5924,71
795;6913,89
796;8215,36
797;3973,7
798;102,78
799;6756,16
800;5510,19
801;4971,38
802;5791,66
803;9898,74
804;4039,27
805;3092,33
806;769,98
807;990,75
808;8619,98
809;9428,85
810;7791,08
811;6068,7
812;7067,32
813;5922,77
814;5849,8
815;64,08
816;8901,35
817;8355,72
818;3539,11
819;9299,63
820;7072,82
821;7101,98
822;6282,03
823;3756,83
824;4029,07
825;4256,01
826;6731,3
827;5426,9
828;5721,61
829;765,51
830;6887,89
831;5206,49
832;5365,1
833;1656,96
834;3148,38
835;6610,54
836;9767,17
837;9327,53
838;9991,33
839;6596,95
840;6799,65
841;1311,62
842;178,23
843;284,18
844;9410,71
845;604,6
846;3383,88
847;5172,35
848;7964,42
849;2208,82
850;527,83
851;8162,91
852;1389,27
853;6220,38
854;1381,15
855;9838,82
856;6983,66
857;9940,69
858;6244,18
859;4255,08
860;369,52
861;8677,26
862;5091,38
863;1737,22
864;2001,52
865;119,5
866;4168,39
867;8338,36
868;1070,05
869;8823,3
870;9781,42
871;7486,26
872;1282,41
873;4464,66
874;5174,06
875;6670,79
876;873,47
877;4729,64
878;395,75
879;359,23
880;6146,62
881;6259,18
882;8870
883;5229,77
884;9720,15
885;9904,25
886;4038,45
887;4322,18
888;6052,95
889;1122,76
890;1820,33
891;4689,98
892;8879,8
893;4365,88
894;6570,82
895;848,55
896;5832,17
897;3116,87
898;1081,02
899;4080,2
900;8742,63
901;8589,85
902;5637,76
903;7261,64
904;4009,08
905;3326,92
906;9800,01
907;6118,68
908;5563,99
909;6754,66
910;737,16
911;669,32
912;4605,59
913;3710,19
914;7305,03
915;3694,56
916;2642,59
917;9959,96
918;7054,02
919;6939,78
920;5406,37
921;6428,99
922;8959,81
923;27,37
924;2166,02
925;933,78
926;1667,6
927;1278,92
928;3175,74
929;8226,28
930;2192,23
931;7177,23
932;7616,1
933;5347,98
934;5348,79
935;473,97
936;7577,11
937;1422,81
938;3680,58
939;2182,6
940;2084,91
941;3592,33
942;4888,32
943;8047,57
944;2707,7
945;9615,03
946;1545,04
947;3501,87
948;3497,07
949;2152,73
950;626,01
951;8487,21
952;2968,78
953;5243,51
954;3915,01
955;7851,35
956;525,61
957;5516,8
958;5375,85
959;8486,53
960;569,22
961;4182,33
962;3698,57
963;8086,17
964;1870,97
965;8714,88
966;4888,87
967;3512,05
968;3261,08
969;6176,66
970;1549,43
971;2068,73
972;3382
973;7696,28
974;4712,63
975;3306,77
976;7561,39
977;8363,59
978;8364,41
979;6968,37
980;134,99
981;6823,09
982;5448,59
983;6207,38
984;7977,8
985;8215,2
986;7414,05
987;2396,06
988;7686,09
989;7799,31
990;2419,81
991;129,57
992;5038,44
993;3944,59
994;7134,2
995;8371,27
996;8291,01
997;498,02
998;9301,02
999;3674,05
1000;4236,61
1001;8975,12
1002;4534,87
1003;3502,98
1004;8424,36
1005;1998,01
1006;2619
1007;1516,58
1008;8138,66
1009;1204,85
1010;646,25
1011;9860,21
1012;251,19
1013;3703,86
1014;3804,07
1015;2974,74
1016;1558,99
1017;9273,51
1018;2629,76
1019;5656,19
1020;9255,52
1021;3411,59
1022;3909,84
1023;3571,86
1024;8576,4
1025;1038,82
1026;2459
1027;9970,4
1028;1687,26
1029;1937,25
1030;9285,23
1031;7439,18
1032;1395,26
1033;1841,41
1034;8941,34
1035;6988,42
1036;8899,06
1037;3166,96
1038;5231,16
1039;7740,55
1040;1203,16
1041;3772,92
1042;961,66
1043;38,12
1044;6512,72
1045;4678,9
1046;1287,18
1047;4829,03
1048;4451,22
1049;2284,86
1050;490,16
1051;6172,3
1052;7946,83
1053;5101,62
1054;3426,45
1055;4225,55
1056;6122,19
1057;5663,03
1058;6860,68
1059;5524,54
1060;9148,72
1061;6679,35
1062;3768,55
1063;4517,02
1064;9751,25
1065;9319,21
1066;7544,2
1067;1888,59
1068;1736,52
1069;6539,69
1070;8755,98
1071;93,19
1072;1547,91
1073;6443,46
1074;6450,16
1075;7753,78
1076;6470,87
1077;5600,34
1078;761,58
1079;707,76
1080;7993,73
1081;4551,83
1082;4763
1083;5170,53
1084;2495,99
1085;3485,23
1086;5351,56
1087;2371,49
1088;8185,72
1089;5499,42
1090;7670,05
1091;238,79
1092;376,2
1093;3582,21
1094;7312,01
1095;4763,93
1096;2495,45
1097;1085,38
1098;4264,11
1099;9298,48
1100;4850,88
1101;1089,9
1102;4241,49
1103;6586,68
1104;1469,77
1105;9159,38
1106;854,72
1107;3199,86
1108;4166,64
1109;3374,79
1110;4973,58
1111;5876,76
1112;3888,28
1113;9978,75
1114;5478,7
1115;8634,97
1116;3226,58
1117;4246,47
1118;9584,3
1119;2824,53
1120;8358,97
1121;6231,13
1122;9,67
1123;611,26
1124;3952,25
1125;9270,32
1126;5791,2
1127;3082,15
1128;1152,31
1129;9310,69
1130;2501,85
1131;6205,91
1132;7956
1133;9883,12
1134;3216,12
1135;5145,65
1136;9680,11
1137;2575,66
1138;5560,93
1139;1908,77
1140;9395,07
1141;937,94
1142;4092,19
1143;6117,29
1144;1183,64
1145;747,95
1146;3124,87
1147;9961,92
1148;9628,54
1149;5224,76
1150;5437,42
1151;7440,09
1152;9380,08
1153;2656,48
1154;7884,71
1155;7922,46
1156;3427,38
1157;5605,83
1158;8591,86
1159;6150,11
1160;8757,94
1161;8099,96
1162;2649,79
1163;712,13
1164;8259,14
1165;4512,51
1166;6789,17
1167;4023,08
1168;7031,23
1169;7798,69
1170;2090,33
1171;5427,36
1172;7273,1
1173;4379,22
1174;3498,99
1175;5376,83
1176;6489,92
1177;8442,45
1178;4290,62
1179;3648,46
1180;1782,42
1181;9747,81
1182;4721,86
1183;6222,11
1184;6575,39
1185;3259,95
1186;7139,34
1187;3832,4
1188;8235,69
1189;413,01
1190;8696,08
1191;6573,67
1192;7217,49
1193;1912,01
1194;5352,83
1195;1464,07
1196;979,97
1197;7704,9
1198;6107,76
1199;413,88
1200;60,69
1201;6471,3
1202;4860,1
1203;6762,72
1204;9699,65
1205;7966,82
1206;4442,64
1207;2168,7
1208;2146,33
1209;4075,23
1210;805,54
1211;2720,09
1212;7838,5
1213;6465,62
1214;4328,68
1215;8822,64
1216;6628,19
1217;3396,96
1218;8555,81
1219;9034,45
1220;1936,85
1221;6296,18
1222;9586,14
1223;2435,96
1224;9456,63
1225;2605,94
1226;6787,04
1227;3007,8
1228;4035,14
1229;9268,37
1230;4619,63
1231;8829,32
1232;5275,64
1233;9964,51
1234;6953,71
1235;3715,43
1236;2205,41
1237;91,81
1238;4471,79
1239;9762,37
1240;7963,23
1241;3160,84
1242;9147,6
1243;9726,42
1244;8375,41
1245;3801,05
1246;2258,78
1247;188,81
1248;9207,96
1249;9016,95
1250;4599,63
1251;601,75
1252;3051,93
1253;1263,17
1254;260,89
1255;3225,34
1256;1670,42
1257;4589,87
1258;3396,97
1259;7854,17
1260;7257,04
1261;1333,51
1262;958,35
1263;8321,73
1264;2744,83
1265;4784,71
1266;1511,24
1267;7934,64
1268;6161,34
1269;4235,71
1270;9643,48
1271;5744,27
1272;9367,55
1273;1212,58
1274;9205,49
1275;3168,91
1276;8809,92
1277;7866,79
1278;7077,26
1279;1603,54
1280;9027,35
1281;7767,07
1282;8085,8
1283;7379,87
1284;1401,99
1285;3933,52
1286;6829,57
1287;7851,03
1288;9049,17
1289;3084,41
1290;2383,24
1291;3046,44
1292;8616,85
1293;5238,66
1294;856,08
1295;6035,03
1296;6927,6
1297;5577,79
1298;4598,4
1299;934,39
1300;9497,53
1301;3711,82
1302;6948,04
1303;1625,29
1304;6289,44
1305;3587,04
1306;2772,88
1307;2897,74
1308;9230,68
1309;5151,02
1310;6662,28
1311;8467,82
1312;8466,58
1313;7523,3
1314;5201,91
1315;6723,81
1316;4259,13
1317;7845,65
1318;3584,92
1319;9261,39
1320;2243,38
1321;3741,12
1322;4691,48
1323;4412,64
1324;8789,09
1325;7606,27
1326;9680,93
1327;2167,36
1328;6759,67
1329;8005,12
1330;5629,68
1331;7219,69
1332;1184,87
1333;1558,84
1334;3253,61
1335;3505,47
1336;9783,23
1337;1612,86
1338;2638,97
1339;7250,86
1340;1757,68
1341;3223,21
1342;7824,69
1343;8641,52
1344;4156,62
1345;97,46
1346;9390,13
1347;617,06
1348;4756,04
1349;6687,27
1350;1711,23
1351;3152,14
1352;7834,09
1353;7335,77
1354;6265,68
1355;8604,99
1356;1282,62
1357;8278,54
1358;5017,16
1359;692,61
1360;4941,67
1361;6633,92
1362;3363,07
1363;5395,96
1364;3264,02
1365;7887,53
1366;2131,13
1367;334,52
1368;8147,92
1369;1898,96
1370;3984,79
1371;8530,04
1372;1167,79
1373;5244,3
1374;6283,19
1375;7619,58
1376;2966,75
1377;2293,93
1378;8955,09
1379;5565,7
1380;2811,56
1381;9844,06
1382;2403,48
1383;8343,36
1384;8121,11
1385;1586,3
1386;6272,17
1387;7858,4
1388;2382,92
1389;348,35
1390;2257,15
1391;1782,93
1392;1972,23
1393;1695,28
1394;5397,54
1395;4360,18
1396;482,5
1397;8809,11
1398;371,17
1399;8373,25
1400;8088,06
1401;4078,24
1402;9220,42
1403;4759,07
1404;4661,29
1405;5485,43
1406;1451,45
1407;775,23
1408;5774,3
1409;877,22
1410;2304,44
1411;2731,86
1412;5981,76
1413;3936,21
1414;7758,43
1415;3737,23
1416;9384,47
1417;9607,76
1418;6203,01
1419;247,05
1420;3563,7
1421;7596,68
1422;3587,44
1423;6526,62
1424;3046,51
1425;3363,49
1426;1483,29
1427;2994,6
1428;7987,3
1429;4515,92
1430;671,92
1431;4632,6
1432;2971,99
1433;7862,87
1434;324,7
1435;8886,89
1436;434,8
1437;3437,36
1438;915,07
1439;9959,52
1440;9667,11
1441;9674,82
1442;5566,49
1443;3765,3
1444;5792,72
1445;8603,17
1446;666,39
1447;3141,48
1448;7591,51
1449;5710,66
1450;683,58
1451;661,7
1452;5413,15
1453;4049,01
1454;2826,45
1455;1368,61
1456;365,05
1457;8499,32
1458;4213,58
1459;4111,47
1460;4781,7
1461;6880,19
1462;9783,94
1463;5362,63
1464;9410,18
1465;9374,52
1466;5480,1
1467;3190,16
1468;89,64
1469;5836
1470;6826,17
1471;5893,86
1472;5662,4
1473;6615,17
1474;4072,7
1475;3929,38
1476;1109,89
1477;1023,43
1478;9118,72
1479;4708,54
1480;4401,64
1481;9755,4
1482;3498,44
1483;9698,74
1484;1940,53
1485;3086,26
1486;3708,98
1487;5003,73
1488;7450,03
1489;5604,2
1490;3114,09
1491;9976,84
1492;1161,37
1493;5165,48
1494;4964,98
1495;8747,71
1496;6743,25
1497;1157,78
1498;3859,03
1499;6786,81
1500;8888,85
1501;1376,68
1502;157,14
1503;4113,93
1504;8623,7
1505;4916,29
1506;8885,31
1507;1631,26
1508;8695,78
1509;4363,56
1510;8187,33
1511;1090,42
1512;6198,78
1513;3503,87
1514;5175,1
1515;1729,75
1516;6216,38
1517;3325,23
1518;6224,16
1519;6576,52
1520;4509,35
1521;7845,41
1522;8371,49
1523;6353,26
1524;9787,56
1525;4107,35
1526;7521,02
1527;8873,7
1528;7942,39
1529;1242,69
1530;3861,32
1531;4858,78
1532;2953,49
1533;5211,77
1534;1536,79
1535;6724,37
1536;37,79
1537;3100,13
1538;1850,95
1539;6574,13
1540;1620,44
1541;1643,67
1542;7437,28
1543;2447,83
1544;5723,97
1545;5264,25
1546;9861,06
1547;9771,84
1548;86,46
1549;7336,25
1550;5436,81
1551;7816,92
1552;3813,95
1553;7047,78
1554;7791,55
1555;1381,24
1556;2935,9
1557;189,94
1558;9195,55
1559;3661,31
1560;1999,01
1561;266,95
1562;198,98
1563;9062,61
1564;4660,96
1565;4351,79
1566;5942,21
1567;8954,59
1568;8596,78
1569;8851,84
1570;1451,16
1571;7217,11
1572;8724,85
1573;7118,66
1574;7862,95
1575;1597,36
1576;2722,19
1577;5060,15
1578;173,78
1579;9368,72
1580;4901,64
1581;6765,44
1582;9194,74
1583;8504,04
1584;4254,48
1585;982,05
1586;769,83
1587;5056,78
1588;734,01
1589;9692,08
1590;9974,84
1591;4524,96
1592;9063,02
1593;3443,66
1594;2881,71
1595;1659,8
1596;32,97
1597;6407,43
1598;9417,03
1599;5720,78
1600;1834,68
1601;1570,91
1602;611,03
1603;3458,41
1604;8635,43
1605;6612,53
1606;3717,05
1607;6316,98
1608;9858,95
1609;9620,67
1610;3670,13
1611;1520,26
1612;397,46
1613;7261,55
1614;7620,83
1615;1366,18
1616;8194,06
1617;3228,9
1618;8185,18
1619;3206,94
1620;8624,52
1621;1939,38
1622;3828,69
1623;6319,01
1624;99,31
1625;2784,75
1626;5557,8
1627;515,13
1628;5971,06
1629;78,73
1630;6341,35
1631;1822,84
1632;4163,63
1633;8768,17
1634;4458,21
1635;1065,42
1636;1853,6
1637;6091,05
1638;3380,55
1639;5067,49
1640;8824,52
1641;2000,42
1642;6165,98
1643;2277,83
1644;7856,73
1645;8779,52
1646;4175,03
1647;9701,26
1648;1993,84
1649;2070,84
1650;8924,07
1651;1939,62
1652;1828,24
1653;2467,02
1654;6353,11
1655;8274,67
1656;755,85
1657;562,91
1658;2081,71
1659;311,93
1660;3945,38
1661;4862,66
1662;4734,01
1663;8583,63
1664;8767,28
1665;8539,75
1666;8026,69
1667;9,58
1668;6791,74
1669;2087,74
1670;7058,63
1671;4609,97
1672;786,46
1673;441,64
1674;1853,57
1675;2576,59
1676;8680,22
1677;6254,89
1678;3513,44
1679;7593,46
1680;2800,94
1681;4039,64
1682;159,06
1683;779,89
1684;5990,34
1685;6358,75
1686;9677,35
1687;7176,04
1688;8319,58
1689;9508,18
1690;1450,71
1691;268,24
1692;3004,6
1693;9578,63
1694;9964,03
1695;7978,51
1696;4969,61
1697;3866,74
1698;2077,26
1699;219,66
1700;2646,91
1701;7773,61
1702;2530,41
1703;7337,22
1704;7941,68
1705;8973,99
1706;108,69
1707;8271,89
1708;3720,35
1709;9604,58
1710;657,27
1711;9205,09
1712;3616,34
1713;5172,95
1714;2207,3
1715;4689,76
1716;8928,17
1717;9022,44
1718;5970,21
1719;876,56
1720;5800,97
1721;7652,25
1722;6873,21
1723;6653,68
1724;371,67
1725;2933,44
1726;1361,78
1727;7376,92
1728;1196,6
1729;2363,35
1730;1813,66
1731;3361,37
1732;4814,18
1733;8561,69
1734;9882,74
1735;6527,87
1736;6544,74
1737;8719,53
1738;6398,33
1739;5313,92
1740;6068,24
1741;8794,93
1742;2148,69
1743;2956,73
1744;4601
1745;6026,7
1746;9542,5
1747;3331,81
1748;9752,64
1749;4479,1
1750;3715,37
1751;5309,91
1752;8569,37
1753;5539,65
1754;7296,63
1755;3576,88
1756;295,29
1757;9159,37
1758;9189,32
1759;7795,19
1760;493,16
1761;2178,65
1762;304,04
1763;29,7
1764;8177,15
1765;1025,03
1766;8879,96
1767;5484,63
1768;747,06
1769;11,96
1770;2740,11
1771;2511,09
1772;8743,56
1773;8559,47
1774;5577,6
1775;8058,99
1776;9544,5
1777;5679,13
1778;3634,93
1779;9942,67
1780;8635,43
1781;8034,45
1782;6431,53
1783;9738,75
1784;5607,04
1785;9493,09
1786;8263,82
1787;401,97
1788;848,53
1789;2463,86
1790;5598,98
1791;8429,88
1792;1137,21
1793;8839,75
1794;871,27
1795;2086,47
1796;881,2
1797;2712,74
1798;2652,76
1799;8069,87
1800;9276,23
1801;3517,81
1802;6012,29
1803;6553,57
1804;1906,84
1805;3571,35
1806;828,27
1807;6935,7
1808;5515,38
1809;3502,09
1810;2076,82
1811;7779,27
1812;5351,22
1813;6741,02
1814;5170,84
1815;2172,45
1816;2542,62
1817;1828,46
1818;6104,17
1819;6780,85
1820;2503,25
1821;9310,77
1822;9954,26
1823;8378,97
1824;1643,91
1825;8823,19
1826;2470,44
1827;6468,17
1828;8901,59
1829;4614,77
1830;3906,25
1831;7144,67
1832;6583,74
1833;8921,56
1834;3200,2
1835;1498,76
1836;1663,74
1837;9451,4
1838;5442,53
1839;9030,09
1840;9156,52
1841;609,36
1842;5810,97
1843;1468,8
1844;5620,04
1845;8045,64
1846;9768,59
1847;6718,21
1848;5228,18
1849;5127,44
1850;3867,9
1851;3982,88
1852;5231,16
1853;2808,29
1854;71,45
1855;9949,3
1856;6164,62
1857;8353,31
1858;1049,07
1859;1014,76
1860;5812,38
1861;2036,09
1862;900,79
1863;5675,67
1864;2358,41
1865;4656,16
1866;5323,87
1867;9165,31
1868;4471,91
1869;9199,33
1870;2799,42
1871;3406,45
1872;5256,34
1873;9338,56
1874;9301,27
1875;6748,45
1876;8338,86
1877;18,78
1878;7131,08
1879;2453,69
1880;9719,95
1881;5560,57
1882;2948,78
1883;5107,56
1884;456,19
1885;6402,04
1886;8902,5
1887;2795,19
1888;8512,11
1889;5094,86
1890;7004,35
1891;3619,65
1892;9420,56
1893;4862,81
1894;2277,49
1895;3716,8
1896;9757,97
1897;2804,03
1898;303,42
1899;6013,22
1900;9229,21
1901;1457,35
1902;1588,2
1903;1168,24
1904;1979,27
1905;9024,67
1906;1912,08
1907;1716,1
1908;387,77
1909;7005,42
1910;3548,32
1911;694,34
1912;8346,15
1913;3970,36
1914;5681,65
1915;372,66
1916;946,28
1917;9968,77
1918;3011,82
1919;4996,85
1920;1770,43
1921;972,3
1922;3033,85
1923;6092,83
1924;7356,67
1925;4299,92
1926;6900,04
1927;4531,58
1928;4375,54
1929;2236,16
1930;1126,52
1931;4614,42
1932;5639,11
1933;3155,6
1934;6323,29
1935;3393,03
1936;1573,18
1937;6046,64
1938;9620,9
1939;8153,01
1940;4646,5
1941;1605,84
1942;8568,16
1943;5992,96
1944;5375,38
1945;3832,9
1946;3066,67
1947;112,91
1948;3915,45
1949;377,76
1950;2606,17
1951;3472,81
1952;9952,82
1953;336,48
1954;4244,65
1955;1091,56
1956;4338,74
1957;6631,56
1958;9909,93
1959;3515,63
1960;2150,97
1961;6687
1962;2381,59
1963;5902,62
1964;1138,97
1965;3157,25
1966;3921,11
1967;6225,71
1968;8246,74
1969;8668,86
1970;1632,93
1971;4383,68
1972;2575,89
1973;6625,59
1974;4110,35
1975;6666,14
1976;675,52
1977;2249,48
1978;6305,92
1979;2190,04
1980;3659,18
1981;1198,18
1982;9475,66
1983;8698,12
1984;6777,49
1985;4273,72
1986;9537,76
1987;4369,12
1988;7999,24
1989;1808,41
1990;7016,44
1991;1110,85
1992;7687,32
1993;6806,19
1994;7498,95
1995;8102,86
1996;4059,16
1997;820,66
1998;6926,01
1999;9511,81
2000;7239,52
2001;9609,2
2002;721,64
2003;8523,35
2004;447,88
2005;2830,71
2006;6152,41
2007;5092,36
2008;8773,04
2009;3970,65
2010;393,83
2011;2730,95
2012;1233,82
2013;8925,13
2014;7393,92
2015;8554,29
2016;8869,5
2017;3822,19
2018;5975,37
2019;6934,29
2020;7581,87
2021;3993,59
2022;3646,42
2023;8502,82
2024;3207,93
2025;8406,55
2026;652
2027;487,39
2028;1684,05
2029;5692,23
2030;6957,55
2031;8526,2
2032;3325,74
2033;1337,27
2034;2306,67
2035;7755,46
2036;7033,66
2037;204,81
2038;9690,03
2039;2090,48
2040;1704,19
2041;3034,83
2042;3322,24
2043;5944,01
2044;3735,02
2045;7653,81
2046;3604,88
2047;4262,1
2048;8206,01
2049;4617,07
2050;6349,16
2051;9149,95
2052;9840,13
2053;8177,77
2054;9983,62
2055;2083,75
2056;9708,67
2057;2304,9
2058;7866,63
2059;6531,37
2060;6735,19
2061;7761,66
2062;9558,02
2063;3174,01
2064;5147,6
2065;407,47
2066;2554,25
2067;2439,42
2068;8263,43
2069;1120,64
2070;2355,05
2071;2881,27
2072;282,88
2073;3964,18
2074;3215,92
2075;3636,86
2076;9632,93
2077;5496,55
2078;4164,28
2079;7853,84
2080;5112,01
2081;9459,38
2082;6592,73
2083;8009,95
2084;6717,06
2085;645,61
2086;3318,9
2087;5675,54
2088;5783,61
2089;9481,38
2090;7068,97
2091;1561,69
2092;5680,17
2093;3870,48
2094;2725,73
2095;4483,67
2096;8927,24
2097;3364,6
2098;714,5
2099;215,47
2100;4353,19
2101;9092,64
2102;6488,14
2103;6856,06
2104;3216,35
2105;4947,47
2106;338,82
2107;7497,36
2108;9420,71
2109;1151,64
2110;9523,73
2111;3586,06
2112;475,67
2113;7748,75
2114;738,12
2115;8107,19
2116;2739,23
2117;4544,05
2118;1049,05
2119;4408
2120;674,05
2121;1165,86
2122;3635,31
2123;1968,59
2124;5072,68
2125;1963,9
2126;8755,74
2127;3888,74
2128;238,69
2129;9321,81
2130;5638,85
2131;7050,3
2132;5028
2133;1502,89
2134;4772,52
2135;6619,34
2136;1374,13
2137;2893,47
2138;6607,46
2139;4707,46
2140;840,4
2141;512,7
2142;4753,03
2143;2426,31
2144;511,62
2145;1112,99
2146;6469,15
2147;3363
2148;8708,96
2149;8220,46
2150;9933,94
2151;9031,29
2152;1196,68
2153;4843,76
2154;559,78
2155;2853,73
2156;8224,17
2157;3729,35
2158;1412,26
2159;7151,1
2160;4068,16
2161;9139,45
2162;3490,33
2163;8501,47
2164;546,47
2165;8946,85
2166;4226,96
2167;223,73
2168;6623,84
2169;8401,28
2170;582,85
2171;5936,09
2172;779,87
2173;6848,93
2174;1984,05
2175;7154,8
2176;1908,11
2177;6740,67
2178;2188,6
2179;1707,32
2180;306,76
2181;7836,82
2182;8773,5
2183;2619,13
2184;2567,46
2185;2852,78
2186;6054,88
2187;4510,33
2188;1714,75
2189;5248,59
2190;4769,24
2191;7212,46
2192;6567,83
2193;7227,69
2194;3341,06
2195;3388,3
2196;8917,51
2197;7928,59
2198;8971,78
2199;5567,43
2200;4194,61
2201;5960,01
2202;6429,14
2203;2145,23
2204;461,47
2205;7003,53
2206;1100,47
2207;7509,12
2208;8517,32
2209;675,86
2210;2801,57
2211;1781,66
2212;7016,06
2213;4949,62
2214;9736,01
2215;9444,58
2216;5861,93
2217;4708,07
2218;4382,73
2219;9556,41
2220;9946,11
2221;8462,61
2222;5576,48
2223;2808,39
2224;7599,46
2225;4713,94
2226;1009,82
2227;4967,73
2228;1597,15
2229;6257,62
2230;5692,65
2231;9256,99
2232;9948,8
2233;7628,52
2234;5693,93
2235;2418,76
2236;2921,96
2237;8493,44
2238;323,73
2239;416,92
2240;1016,97
2241;7964,69
2242;3594,38
2243;1814,35
2244;7029,03
2245;7919,79
2246;828,67
2247;7959,29
2248;5228,57
2249;8408,86
2250;6131,72
2251;5000,32
2252;5432,46
2253;5852,39
2254;699,95
2255;4016,5
2256;6001,42
2257;6607,48
2258;2104,45
2259;4042,83
2260;5546,43
2261;2100,06
2262;774,09
2263;1010,73
2264;8563,75
2265;70,09
2266;8706,41
2267;8135,44
2268;7996,51
2269;4661,89
2270;5415,95
2271;2641,54
2272;6825,87
2273;524,1
2274;4406,36
2275;6025,4
2276;9413,77
2277;8186,48
2278;8344,48
2279;2836,01
2280;4767,33
2281;1156,57
2282;9529,43
2283;1342,9
2284;6712,93
2285;6876,84
2286;7949,4
2287;1847,45
2288;9455,41
2289;5710,92
2290;1550,93
2291;8440,21
2292;7965,21
2293;9259,79
2294;2196,99
2295;537,49
2296;9852,54
2297;9996,4
2298;7799,31
2299;4753,66
2300;8539,18
2301;4727,13
2302;6357,18
2303;2274,18
2304;4923,67
2305;2713,83
2306;9167,44
2307;8406,48
2308;4677,92
2309;145,43
2310;2537,6
2311;2216,12
2312;9522,71
2313;395,9
2314;6235,85
2315;1929,26
2316;7136,74
2317;3055,43
2318;7191,81
2319;4182,18
2320;3698,82
2321;2257,88
2322;8872,75
2323;8192,13
2324;6805,94
2325;9534,41
2326;5570,23
2327;2025,1
2328;3653,76
2329;257,93
2330;5039,55
2331;9686,66
2332;299,08
2333;4976,81
2334;7555,43
2335;7021,86
2336;500,7
2337;4871,59
2338;8143,87
2339;5590,59
2340;6691,69
2341;7457,52
2342;4231,39
2343;7612,9
2344;6186,93
2345;8424,62
2346;2065,06
2347;4768,95
2348;5128,74
2349;7269,95
2350;827,29
2351;8508,3
2352;211,47
2353;5133,1
2354;9281,09
2355;5293,21
2356;1609,46
2357;9180,15
2358;9181,96
2359;3182,65
2360;8117,43
2361;3132,47
2362;9787,54
2363;2928,42
2364;1405,96
2365;6431,18
2366;129,29
2367;8129,93
2368;9757,78
2369;1750,48
2370;2208,9
2371;1134,35
2372;8955,34
2373;1666,61
2374;4649,97
2375;3035,42
2376;9073,34
2377;7624,42
2378;6859,4
2379;183,28
2380;5816,55
2381;5,38
2382;4411,76
2383;9502,18
2384;4611,8
2385;6429,93
2386;1765,99
2387;2510,45
2388;1508,27
2389;513,23
2390;6173,19
2391;5276,81
2392;1195,41
2393;6179,97
2394;660,31
2395;7864,72
2396;2431,34
2397;2134,87
2398;8037,19
2399;7074,06
2400;5427,03
2401;8307,65
2402;7832,35
2403;5281,57
2404;6420
2405;5459,15
2406;9832,54
2407;6692,31
2408;8527,52
2409;5040,14
2410;2007,78
2411;2830,73
2412;62,85
2413;2884,01
2414;2086,9
2415;4069,3
2416;3167,16
2417;6142,91
2418;6914,14
2419;6111,71
2420;7231,01
2421;8488,49
2422;831,55
2423;2433,34
2424;9364,54
2425;3687,67
2426;8022,33
2427;6104,72
2428;7998,34
2429;7048,68
2430;5033,29
2431;6213,77
2432;2644,25
2433;314,23
2434;3151,9
2435;3420,46
2436;532,4
2437;3508,62
2438;10,18
2439;7105,65
2440;9080,27
2441;5281,79
2442;6557,09
2443;2656,08
2444;1037,59
2445;4414,79
2446;998,65
2447;4643,12
2448;5818,35
2449;6474,67
2450;4627,04
2451;9546,12
2452;4603,45
2453;8852,41
2454;8978,75
2455;270,44
2456;4972,31
2457;2492,78
2458;2333,84
2459;6832,61
2460;9304,91
2461;6054,59
2462;414,93
2463;5758,47
2464;2259,07
2465;2713,21
2466;8522,89
2467;3456,76
2468;8799,78
2469;7748,79
2470;1124,39
2471;2577,29
2472;5882,66
2473;1161,02
2474;9994,81
2475;8748,72
2476;6096,12
2477;212,06
2478;2906,82
2479;5679,88
2480;1689,01
2481;8917,98
2482;3693,21
2483;5974,12
2484;7431,13
2485;3489,65
2486;5063,53
2487;6015,73
2488;1275,29
2489;751,85
2490;8311,06
2491;5433,37
2492;9322,14
2493;4536,43
2494;8635,53
2495;6375,79
2496;2276,67
2497;1517,28
2498;7815,69
2499;6458,54
2500;1217,15
2501;5624,17
2502;4053,59
2503;8873,83
2504;1609,94
2505;4716,55
2506;6776,22
2507;2382,5
2508;9266,35
2509;8100,63
2510;9785,36
2511;5717,86
2512;2234,18
2513;2635,69
2514;9947,41
2515;9202,33
2516;7186,4
2517;1029,66
2518;1681,04
2519;1635,82
2520;8220,9
2521;5167,77
2522;892,04
2523;2982,32
2524;5466,98
2525;5230,97
2526;6834,45
2527;9225,7
2528;7524,05
2529;7295,43
2530;1654,42
2531;7532,54
2532;333,48
2533;6651,77
2534;9730,07
2535;3494,83
2536;3743,12
2537;1583,05
2538;1116,61
2539;6345,17
2540;3929,85
2541;5457,48
2542;3896,17
2543;9961,02
2544;5334,73
2545;3686,71
2546;8900,54
2547;568,23
2548;4204,17
2549;3338,94
2550;1991,64
2551;4721,49
2552;1591,39
2553;7666,7
2554;2137,49
2555;175,6
2556;4827,92
2557;8426,38
2558;8420,9
2559;4243,77
2560;2999,9
2561;762,91
2562;8731,1
2563;4138,86
2564;9541,54
2565;5298,61
2566;8135,22
2567;3938,55
2568;1706,51
2569;1475,19
2570;6581,33
2571;2644,71
2572;5953,35
2573;8621,98
2574;9844,45
2575;4999,98
2576;3630,99
2577;7065,43
2578;5184,1
2579;5397,73
2580;3799,26
2581;6849,7
2582;8503,87
2583;8461,3
2584;9653,04
2585;7908,56
2586;9084,72
2587;1027,74
2588;3762,78
2589;2695,87
2590;6351,78
2591;6171,32
2592;2608,6
2593;1143,36
2594;5126,69
2595;1684,18
2596;8100
2597;1954,79
2598;1305,13
2599;5519,17
2600;55,34
2601;1577,47
2602;8702,95
2603;1904,17
2604;3559,63
2605;7452,65
2606;2913,7
2607;2830,06
2608;1998,11
2609;7039,78
2610;6576,56
2611;3532,79
2612;8142,97
2613;2131,69
2614;5310,36
2615;9607,02
2616;1931,96
2617;5898,16
2618;8862,76
2619;6780,9
2620;7753,61
2621;8256,5
2622;9556,95
2623;4863,13
2624;5797,87
2625;9151,13
2626;3308,52
2627;6134,28
2628;6313,13
2629;346,17
2630;3614,41
2631;8263,77
2632;2745,2
2633;7067,13
2634;9638,71
2635;9262,24
2636;3859,68
2637;7295,44
2638;5851,92
2639;2221,29
2640;7641,14
2641;6180,85
2642;7491,44
2643;433,55
2644;940,9
2645;2040,71
2646;4560,04
2647;5423,24
2648;1357,05
2649;6790,95
2650;4592,45
2651;5975,92
2652;9742,17
2653;6090,26
2654;2615,44
2655;3523,4
2656;5090,04
2657;3292,46
2658;2942,09
2659;2203,35
2660;4031,85
2661;5071,02
2662;5128,83
2663;4078,69
2664;8361,94
2665;8760,15
2666;9961,69
2667;6839,95
2668;360,43
2669;771,17
2670;6410,19
2671;4017,97
2672;3956,16
2673;7987,92
2674;4162,73
2675;7835,23
2676;4112,67
2677;3874,97
2678;3957,19
2679;2640,2
2680;9246,69
2681;3384,75
2682;2680,46
2683;5353,05
2684;188,35
2685;2723,85
2686;8358,95
2687;2966,12
2688;5488,05
2689;230,37
2690;7528,27
2691;76,98
2692;4811,71
2693;3740,33
2694;9209,27
2695;2237,44
2696;1714,36
2697;9110,42
2698;6041,96
2699;1685,27
2700;5726,69
2701;8980,36
2702;9277,64
2703;5064,64
2704;2131,38
2705;5436,05
2706;586,82
2707;1814,39
2708;3163,61
2709;3227,15
2710;7380,84
2711;8273,23
2712;6893,21
2713;6031,49
2714;5713,63
2715;8612,44
2716;1727,77
2717;1068,91
2718;9606,71
2719;3865,67
2720;9640
2721;9155,64
2722;9638,73
2723;1951,86
2724;9690,66
2725;419,19
2726;9652,79
2727;6872,96
2728;7085,92
2729;8083,79
2730;6844,46
2731;4389,25
2732;9577,99
2733;2449,8
2734;4304,27
2735;3906,61
2736;7256,65
2737;6671,29
2738;7885,57
2739;254,22
2740;3842,94
2741;6035,65
2742;6607,76
2743;4766,14
2744;8408,66
2745;5760,85
2746;3829,74
2747;2784,4
2748;6295,81
2749;641,33
2750;1248,95
2751;3015,56
2752;7073,09
2753;3899,83
2754;2415,35
2755;6386,82
2756;2089,28
2757;6543,31
2758;9190,89
2759;8827,75
2760;430,02
2761;6701,7
2762;9561,16
2763;4341,88
2764;8492,73
2765;8924,92
2766;804,1
2767;1883,88
2768;2743,56
2769;3831,78
2770;584,61
2771;7001,35
2772;4998,35
2773;4131,92
2774;8268,17
2775;8158,42
2776;3476,63
2777;1218,69
2778;8906,44
2779;2541,53
2780;2437,67
2781;6242,71
2782;720,81
2783;7703,56
2784;9409,13
2785;8046,33
2786;2723,92
2787;5870,46
2788;474,87
2789;2238,36
2790;5451,7
2791;1909,42
2792;5132,18
2793;6587,11
2794;9132,82
2795;5679,39
2796;4226,75
2797;9049,55
2798;7241,06
2799;4736,93
2800;5921,11
2801;9116,32
2802;6092,17
2803;5835,82
2804;7512,73
2805;7019,24
2806;5686,3
2807;8350,75
2808;5351,14
2809;5464,46
2810;5615,37
2811;5714,58
2812;701,83
2813;4009,36
2814;1098,97
2815;8044,87
2816;167,1
2817;2795,86
2818;7467,82
2819;8977,52
2820;1474,73
2821;7553,57
2822;1769,37
2823;1177,85
2824;4831,42
2825;570,71
2826;3974,24
2827;1751,98
2828;897,05
2829;5404,97
2830;530,91
2831;3674,5
2832;9100,9
2833;8232,09
2834;5560,38
2835;2818,63
2836;9276,18
2837;5314,84
2838;7212,51
2839;4132,09
2840;7178,96
2841;71,6
2842;737,27
2843;6653,88
2844;6220,19
2845;9303,9
2846;5037,13
2847;9072,47
2848;3119,75
2849;4328,66
2850;5289,79
2851;3731,9
2852;7075,06
2853;9892,22
2854;9474,64
2855;1774,45
2856;3959,66
2857;2682,89
2858;3381,74
2859;1539,97
2860;5905,15
2861;1749,85
2862;1888,27
2863;7066,14
2864;7942,17
2865;1786,83
2866;5095,28
2867;5587,22
2868;2059,06
2869;8218,91
2870;2596,36
2871;3314,15
2872;2731,19
2873;979,8
2874;3956,75
2875;1641,23
2876;7572,55
2877;3524,53
2878;5790,53
2879;6190,98
2880;9259,88
2881;2270,59
2882;9610,5
2883;1493,12
2884;7180,31
2885;7135,1
2886;5656,72
2887;4023,59
2888;3046,93
2889;8852,91
2890;3315,06
2891;3767,56
2892;3197,99
2893;295,85
2894;4907,45
2895;5005,3
2896;2380,94
2897;9138,44
2898;3596,31
2899;3416,84
2900;2418,13
2901;1187,18
2902;9888,9
2903;4522,11
2904;2178,84
2905;6935,98
2906;3131,9
2907;5472,19
2908;3460,6
2909;4654,71
2910;4915,43
2911;9119,59
2912;4856,25
2913;6583,37
2914;7630,15
2915;2684,55
2916;953,5
2917;7876,23
2918;4454,2
2919;1124,61
2920;7159,84
2921;2042,59
2922;3428,44
2923;4852,2
2924;4379,06
2925;5644,16
2926;2863,15
2927;6492,88
2928;190,52
2929;5206,32
2930;7490,9
2931;3987,42
2932;8495,41
2933;3536,02
2934;732,78
2935;5688,43
2936;1520,81
2937;798,4
2938;6368,63
2939;1981,16
2940;3637,95
2941;3343,88
2942;1337,73
2943;3573,8
2944;158,7
2945;1338,78
2946;3959,67
2947;3108,67
2948;4611,43
2949;1668,68
2950;9711,98
2951;1858,41
2952;6524,57
2953;2020,78
2954;8546,54
2955;3115,24
2956;1373,55
2957;5938,31
2958;1266,39
2959;8520,45
2960;7810,63
2961;9855,57
2962;7959,68
2963;9978,94
2964;9355,49
2965;1780,55
2966;614,8
2967;1168,84
2968;2473,2
2969;6424,94
2970;1721,17
2971;2653,15
2972;7775,48
2973;6299,13
2974;2931,11
2975;5081,5
2976;6392,86
2977;8011,03
2978;4506,52
2979;4775,39
2980;3005
2981;2529,77
2982;8098,34
2983;1556,04
2984;344,16
2985;9830,9
2986;3982,8
2987;1702,39
2988;4284,08
2989;7750,64
2990;6714,64
2991;3913,73
2992;1017,67
2993;350,61
2994;7250,02
2995;5208,76
2996;7300,55
2997;6257,6
2998;3739,37
2999;7291,91
3000;1890,83
3001;6753,1
3002;7309,81
3003;1004,63
3004;3375,24
3005;6373,61
3006;569,76
3007;13,24
3008;7181,9
3009;678,34
3010;747,42
3011;4902,8
3012;1780,23
3013;741,45
3014;9194,78
3015;2584,32
3016;3388,23
3017;2951,98
3018;3213,37
3019;8819,46
3020;4663,37
3021;3565,62
3022;2700,76
3023;6698,08
3024;4983,24
3025;8194,87
3026;33,29
3027;142,7
3028;9009,88
3029;896,08
3030;4168,4
3031;2444,95
3032;3846,03
3033;1468,94
3034;640,66
3035;5907,01
3036;9906,5
3037;5890,68
3038;4574,03
3039;9883,51
3040;4993,68
3041;2381,48
3042;5847,35
3043;6518,84
3044;8425,69
3045;7653,13
3046;1120,22
3047;2524,31
3048;1832,86
3049;9062,85
3050;1671,85
3051;1318,76
3052;6940,46
3053;3922,99
3054;8460,84
3055;6579,04
3056;3878,39
3057;8791,79
3058;4001,55
3059;7356,73
3060;8385,28
3061;1371,02
3062;278,89
3063;1909,42
3064;6452,55
3065;7334,61
3066;2107,86
3067;6210,17
3068;6620,51
3069;3487,35
3070;2463,86
3071;580,63
3072;1254,47
3073;2712,99
3074;4008,97
3075;2646,92
3076;4077,41
3077;5493,68
3078;629,38
3079;7937,82
3080;667,91
3081;5108,05
3082;6702,6
3083;2645,38
3084;5052,5
3085;1032,29
3086;7040,88
3087;9,9
3088;8999,96
3089;1916,79
3090;2775,21
3091;3722,3
3092;7024,99
3093;9885,01
3094;8698,73
3095;5355,34
3096;5398,33
3097;1463,48
3098;9039,59
3099;8172,61
3100;1153,4
3101;5936,55
3102;410,16
3103;6499,28
3104;6167,28
3105;3669,95
3106;4612,73
3107;1009,68
3108;243,34
3109;8070,09
3110;4553,64
3111;2907,69
3112;8664,75
3113;7338,86
3114;3065,2
3115;5631,39
3116;4121
3117;3861,99
3118;9215,74
3119;8496,32
3120;5920,34
3121;2985,78
3122;7341,79
3123;6409,08
3124;2080,14
3125;2209,48
3126;3149,05
3127;9058,27
3128;132,68
3129;1742,8
3130;8323,98
3131;7594,34
3132;1350,46
3133;1603,94
3134;8713,83
3135;4720,68
3136;2165,11
3137;3698,73
3138;1219,11
3139;4450,33
3140;6814,02
3141;3610,54
3142;9443,19
3143;5139,04
3144;3933,66
3145;8754,68
3146;9390,35
3147;1411,91
3148;8317,23
3149;9782,71
3150;3184,69
3151;4550,2
3152;4920,27
3153;7434,39
3154;642,1
3155;5848,29
3156;422,33
3157;1619,55
3158;8823,21
3159;630,13
3160;4427,12
3161;5181,07
3162;3332,74
3163;934,01
3164;4034,76
3165;5105,69
3166;2809,15
3167;3067,59
3168;53,72
3169;6844
3170;6852,79
3171;1622,62
3172;5954,11
3173;4575,35
3174;8106,43
3175;5134,22
3176;3700,07
3177;3346,12
3178;1494,77
3179;8262,7
3180;7593,75
3181;4749,31
3182;9961,67
3183;3967,18
3184;4558,32
3185;9834,61
3186;4058,48
3187;7292,43
3188;549,77
3189;6113,07
3190;3023,47
3191;3060,62
3192;9458,22
3193;4949,56
3194;8488,69
3195;2452,2
3196;1812,8
3197;4858,53
3198;484,87
3199;8158,36
3200;5314,46
3201;6770,9
3202;8420,93
3203;6198,13
3204;4923,3
3205;5146,67
3206;6052,88
3207;5595,01
3208;277,26
3209;8427,79
3210;8024,36
3211;6396,51
3212;8651,51
3213;7172,2
3214;1657,68
3215;9409,98
3216;3654,05
3217;4043,29
3218;8196,55
3219;521,49
3220;9798,63
3221;8858,44
3222;5356,92
3223;166,38
3224;2934,57
3225;2067,27
3226;5280,26
3227;7272,54
3228;8949,48
3229;136,51
3230;6229,59
3231;5397,59
3232;4608,15
3233;5495,89
3234;2587,26
3235;8138,9
3236;7980,99
3237;5134,44
3238;3745,14
3239;2050,68
3240;5584,65
3241;8557,14
3242;3715,69
3243;8625,48
3244;7669,33
3245;4278,82
3246;6531,55
3247;3145,03
3248;9603,94
3249;4585,02
3250;9202,93
3251;9193,7
3252;1450,54
3253;9879,61
3254;8690,33
3255;3749,67
3256;8771,49
3257;2386,92
3258;6636,75
3259;7961,91
3260;4143,44
3261;270,01
3262;8147,15
3263;3675,44
3264;3115,82
3265;8531,64
3266;6917,06
3267;9103,63
3268;9839,45
3269;2041,92
3270;5933,44
3271;2743,22
3272;2955,26
3273;3564,71
3274;2915,68
3275;3078,27
3276;3591,57
3277;38,75
3278;4772,73
3279;6642,14
3280;4458,07
3281;724,57
3282;5526,79
3283;689,61
3284;9587,86
3285;5972,42
3286;1207,15
3287;2649,02
3288;4086,36
3289;8591,15
3290;6506,15
3291;7302,24
3292;3550,59
3293;2221,34
3294;2168,71
3295;7524,44
3296;1643,43
3297;3613,43
3298;1531,94
3299;9371,09
3300;9363,4
3301;1078,4
3302;5769,96
3303;8993,82
3304;8535,02
3305;2302,79
3306;4053,16
3307;7110,73
3308;3324,32
3309;1573,46
3310;828,14
3311;7245,92
3312;948,86
3313;5803,7
3314;6471,85
3315;4102,69
3316;5373,92
3317;9521,84
3318;6247,66
3319;5863,75
3320;7453,54
3321;8005,15
3322;898,45
3323;9819,25
3324;6534,59
3325;2990,45
3326;4780,18
3327;2316,44
3328;848,03
3329;3787,86
3330;659,58
3331;500,66
3332;8132,35
3333;8054,42
3334;1888,75
3335;2392,04
3336;323,93
3337;3743,54
3338;5073,19
3339;1459,89
3340;4556,86
3341;4264,14
3342;6891,69
3343;6869,49
3344;3717,34
3345;997,33
3346;6944,41
3347;1873,59
3348;1757,54
3349;6149,31
3350;2849,9
3351;57,86
3352;4474,12
3353;3125,57
3354;7692,05
3355;6857,03
3356;4266,36
3357;9764,96
3358;4852,37
3359;7042,54
3360;8552,72
3361;6382,39
3362;3710,87
3363;1016,99
3364;6481,58
3365;8358,58
3366;6835,91
3367;6952,97
3368;1818,82
3369;5646,06
3370;754,41
3371;6654,61
3372;1478,14
3373;6618,77
3374;5187,83
3375;766,26
3376;5801,43
3377;6980,18
3378;6464,23
3379;4750,96
3380;890,34
3381;2239,86
3382;2606,57
3383;6397,51
3384;8441,05
3385;8874,13
3386;4730,35
3387;7683,45
3388;4388,83
3389;822,69
3390;782,33
3391;9176,76
3392;3121,57
3393;401,4
3394;7945,99
3395;651,97
3396;9890,58
3397;3630,34
3398;121,06
3399;2476,85
3400;9899,5
3401;6393,25
3402;5325,85
3403;1180,28
3404;4048,74
3405;2935,8
3406;7526,88
3407;7589,93
3408;9627,14
3409;7853,61
3410;8006,33
3411;4265,44
3412;7951,27
3413;7963,31
3414;4344,46
3415;4481,69
3416;5144,77
3417;2081,83
3418;4825,64
3419;4656,99
3420;549,2
3421;1919,75
3422;6477,24
3423;8805,78
3424;9832,76
3425;3968,54
3426;7312,8
3427;7494,89
3428;5990,38
3429;6743,69
3430;1838,71
3431;4931,62
3432;3807,25
3433;882,99
3434;8194,55
3435;895,14
3436;6401,24
3437;7734,67
3438;4715,73
3439;3293,26
3440;7615,04
3441;7318,71
3442;9629,97
3443;8301,68
3444;1867,82
3445;7287,19
3446;5783,18
3447;9517,15
3448;72,6
3449;8775,02
3450;5484,56
3451;3388,73
3452;8007,49
3453;9259,1
3454;4420,42
3455;1701,34
3456;4451,89
3457;2384,98
3458;4481,69
3459;1380,69
3460;224,57
3461;6280,71
3462;9830,21
3463;3596,61
3464;5101,1
3465;2478,72
3466;5440,21
3467;8005,29
3468;5277,5
3469;5171,53
3470;8377,02
3471;9926,9
3472;438,41
3473;4093,19
3474;2427,04
3475;6610,78
3476;900,75
3477;2660,9
3478;161,08
3479;5645,27
3480;1438,98
3481;3935,02
3482;3035,18
3483;514,96
3484;1713,73
3485;3405,25
3486;6694,57
3487;1556,24
3488;8093,28
3489;4973,44
3490;2354,36
3491;1982,73
3492;2615,66
3493;4569,44
3494;8195,24
3495;6988,24
3496;8339,79
3497;2856,14
3498;1861,3
3499;5,17
3500;2717,89
3501;7744,88
3502;9411,65
3503;4664,5
3504;9285,26
3505;896,17
3506;9221,72
3507;6226,04
3508;9458,03
3509;4672,07
3510;3119,65
3511;1272,45
3512;8391,91
3513;6838,88
3514;7421,04
3515;2220,93
3516;1742,53
3517;6534,93
3518;1996,39
3519;6645,92
3520;7041,39
3521;4759,04
3522;1232,23
3523;2001,76
3524;2460,89
3525;5141,69
3526;9552,27
3527;6665,54
3528;7202,81
3529;8324,4
3530;5619,5
3531;7007,76
3532;8556,25
3533;2674,43
3534;1523,83
3535;2221,1
3536;8634,94
3537;4751,93
3538;3334,71
3539;5909,61
3540;1785,8
3541;8471,68
3542;6084,33
3543;1460,13
3544;4595,47
3545;9580,67
3546;1380,08
3547;7240,1
3548;6474,64
3549;3667,48
3550;3802,05
3551;9018,24
3552;6823,11
3553;3444,33
3554;6,32
3555;6883,52
3556;5256,8
3557;7728,59
3558;6933,84
3559;1840,74
3560;3816
3561;7853,44
3562;6549,75
3563;669,55
3564;7110,45
3565;4753,73
3566;1480,3
3567;5461,23
3568;9152,63
3569;1514,83
3570;1444,16
3571;8445,92
3572;4088,14
3573;1037,89
3574;3776,62
3575;7399,66
3576;2376,29
3577;7205,71
3578;6117,14
3579;6696,07
3580;8261,31
3581;6738,73
3582;9358,56
3583;4165,07
3584;4506,82
3585;9749,25
3586;7003,77
3587;8109,43
3588;1826,34
3589;3036,59
3590;1156,91
3591;886,28
3592;4889,94
3593;6032,33
3594;9348,3
3595;9715,53
3596;9026,14
3597;2182,72
3598;6813,38
3599;6862,75
3600;6395,17
3601;6175,28
3602;2863,21
3603;5555,73
3604;6612,05
3605;2727,54
3606;7869,01
3607;9338,72
3608;2336,61
3609;4652,8
3610;8126,79
3611;7029,28
3612;9092,6
3613;5186,19
3614;2821,38
3615;9447,71
3616;6539,48
3617;2164,94
3618;3323
3619;7962,49
3620;7897,11
3621;7127,35
3622;3735,48
3623;4227,09
3624;1693,06
3625;5741,99
3626;1434,65
3627;187,62
3628;3818,64
3629;1894,34
3630;1361,11
3631;2939,87
3632;652,46
3633;7977,86
3634;9961,41
3635;3568,63
3636;2461,4
3637;4803,62
3638;9397,18
3639;5871,74
3640;1382,59
3641;5347,81
3642;6226,06
3643;3726,35
3644;735,8
3645;4506,6
3646;3360,24
3647;4959,68
3648;2508,55
3649;7863,22
3650;5241,16
3651;1952,14
3652;4294,63
3653;4941,23
3654;5493,95
3655;4872,68
3656;7095,51
3657;503,26
3658;8673,72
3659;7643,75
3660;7476,6
3661;328,47
3662;6528,05
3663;2802,79
3664;9330,32
3665;9930,82
3666;5908,09
3667;4002,7
3668;6396,15
3669;4686,02
3670;550,86
3671;2489,89
3672;9209,1
3673;5783,22
3674;2740,94
3675;2340,91
3676;3,91
3677;777,29
3678;917,48
3679;4478,89
3680;395,21
3681;1292,68
3682;6242,23
3683;7118,35
3684;2639
3685;6845,14
3686;9513,06
3687;2942,47
3688;6137,41
3689;1977,24
3690;1824,63
3691;448,23
3692;8037,79
3693;9359,39
3694;4420,19
3695;3530,45
3696;1583,46
3697;4134,3
3698;7086,47
3699;3552,57
3700;540,37
3701;5622,77
3702;6214,21
3703;6394,34
3704;1366,19
3705;4031,66
3706;7408,77
3707;6288,31
3708;1510,78
3709;6363,38
3710;5180,37
3711;5744,34
3712;2389,61
3713;1604,46
3714;8598,79
3715;1127,6
3716;8635,25
3717;1723,59
3718;4623,94
3719;2413,43
3720;3194,97
3721;3275,65
3722;8526,99
3723;1969,69
3724;2135,22
3725;4820,03
3726;2458,77
3727;7469,09
3728;7572,43
3729;6607,11
3730;1827,37
3731;4688,19
3732;4830,63
3733;5717,24
3734;3720,82
3735;4670,08
3736;7382,23
3737;9701,91
3738;6269,66
3739;6510,57
3740;7640,71
3741;3040,5
3742;1342,44
3743;535,95
3744;8577,05
3745;1771,11
3746;4097,12
3747;6968,5
3748;7355,42
3749;476,01
3750;2659,2
3751;2963,2
3752;1324,34
3753;1886,72
3754;3244,85
3755;1766,8
3756;3346,83
3757;9985,9
3758;2077,92
3759;708,62
3760;3056,64
3761;6822,25
3762;2304,1
3763;2083,36
3764;36,56
3765;1188,08
3766;125,99
3767;4240,31
3768;1357,59
3769;5958,25
3770;3680,25
3771;4057,73
3772;8698,46
3773;9614,46
3774;271,01
3775;2221,29
3776;3550,96
3777;1485,3
3778;9262,23
3779;1830,07
3780;4470,91
3781;3383,09
3782;253,34
3783;351,1
3784;7947
3785;7360,28
3786;7159,2
3787;1343,28
3788;635,53
3789;672,74
3790;3643,32
3791;8548,02
3792;2346,88
3793;9206,14
3794;6201,74
3795;2000,41
3796;2600,82
3797;7689,41
3798;2270
3799;7863,62
3800;4962,84
3801;400,18
3802;2729,46
3803;837,47
3804;9178,71
3805;4139,18
3806;8636,62
3807;5680,48
3808;9959,44
3809;8335,72
3810;7463,06
3811;6717,64
3812;5472,34
3813;8266,01
3814;2402,69
3815;5048,24
3816;9293,85
3817;3673,5
3818;3760,29
3819;6560,85
3820;3285,71
3821;3714,06
3822;4388,51
3823;5759,38
3824;306,2
3825;9300,66
3826;8538,51
3827;647,09
3828;8403,98
3829;9563,39
3830;9587,85
3831;5163,86
3832;4202,56
3833;2764,31
3834;3973,39
3835;4960,5
3836;3699,28
3837;7342,1
3838;35,19
3839;7110,47
3840;5918,8
3841;8074,5
3842;7467,71
3843;5327,92
3844;4637,16
3845;8924,32
3846;5217,49
3847;24,44
3848;5017,66
3849;58,91
3850;6925,53
3851;269,27
3852;735,16
3853;1022,76
3854;7154,5
3855;4602,4
3856;5323,1
3857;7943,87
3858;294,85
3859;8819,57
3860;9966,25
3861;4501,93
3862;3349,89
3863;8052,25
3864;4952,07
3865;3639,29
3866;3327,79
3867;3349,99
3868;6622,93
3869;551
3870;2172,35
3871;9727,52
3872;9393,7
3873;5051,63
3874;5919,81
3875;8315,52
3876;7660,71
3877;1868,69
3878;7759,53
3879;4150,23
3880;9830,96
3881;5760,33
3882;1089,64
3883;7839,76
3884;781,92
3885;6463,43
3886;2481,85
3887;7480,7
3888;6647,94
3889;7221,28
3890;119,9
3891;6527,44
3892;7872,4
3893;389,21
3894;689,75
3895;332,52
3896;9801,09
3897;8587,93
3898;1350,58
3899;6840,84
3900;5974,82
3901;8830,26
3902;4259,81
3903;8728,79
3904;8894,98
3905;9952,36
3906;1798,36
3907;7383,18
3908;4993,5
3909;4004,58
3910;8614,3
3911;409,27
3912;5177,1
3913;9015,07
3914;5642,35
3915;4764,86
3916;6225,44
3917;5223,3
3918;8316,55
3919;8388,96
3920;845,48
3921;8372,28
3922;4009,82
3923;6799,08
3924;3146,12
3925;1532,4
3926;3496,65
3927;7748,35
3928;9131,06
3929;5826,93
3930;6185,35
3931;4918,98
3932;2137,79
3933;4183,67
3934;7186,05
3935;6823,51
3936;8016,05
3937;2703,97
3938;740,12
3939;9454,49
3940;5151,92
3941;670,16
3942;832,7
3943;2202,9
3944;2000,45
3945;3048,66
3946;6512,51
3947;317,25
3948;8115,5
3949;9711,74
3950;1826,05
3951;8514,47
3952;9723,88
3953;4814,99
3954;184,51
3955;201,01
3956;1038,26
3957;2749,71
3958;8598,98
3959;2978,83
3960;6460,85
3961;8019,44
3962;5672,9
3963;9313,62
3964;6484,18
3965;7333,28
3966;6869,71
3967;3614,37
3968;2414,54
3969;857,6
3970;2433,6
3971;2370,82
3972;5705,25
3973;2760,68
3974;5075,78
3975;9305,86
3976;1072,03
3977;4104,23
3978;5115,29
3979;5759,6
3980;6927,4
3981;2255,51
3982;114,57
3983;3734,39
3984;2515,36
3985;5467,24
3986;3085,76
3987;6748,6
3988;7930,85
3989;267,83
3990;838,12
3991;1563,6
3992;8408,95
3993;7337,63
3994;7846,89
3995;3892,45
3996;7267,02
3997;6910,24
3998;2187,12
3999;6709,67
4000;7153,46
4001;4647,01
4002;3401,95
4003;5026,45
4004;2421,73
4005;6678,56
4006;2600,79
4007;9081,09
4008;2871,26
4009;5045,62
4010;7528,55
4011;4522,13
4012;7558,66
4013;3264,66
4014;5004,31
4015;2041,36
4016;8563,56
4017;9521,34
4018;9433,42
4019;6287,82
4020;6830,67
4021;8072,44
4022;4123,08
4023;5000,51
4024;7062,74
4025;7763,9
4026;4780,22
4027;5579,46
4028;2879,76
4029;3403,18
4030;1157,7
4031;5190,82
4032;9788,48
4033;5668,67
4034;1070,04
4035;6544,71
4036;5511,96
4037;6022,98
4038;1483,89
4039;765,2
4040;7810,3
4041;3739,66
4042;2623,73
4043;310,25
4044;9549,24
4045;6062,63
4046;3477,91
4047;5522,28
4048;2499,45
4049;8834,47
4050;3328,02
4051;7979,79
4052;7989,21
4053;9685,31
4054;1472,86
4055;2633,6
4056;2547,25
4057;2366,78
4058;6322,57
4059;8946,21
4060;4673,91
4061;9320,04
4062;6538,55
4063;5173,73
4064;3904,55
4065;5012,14
4066;4714,82
4067;4025,31
4068;5573,06
4069;3657,98
4070;1888,72
4071;3228,87
4072;2240,21
4073;6350,76
4074;4121,73
4075;5527,73
4076;5932,15
4077;4246,01
4078;9589,57
4079;1531,93
4080;7304,8
4081;3626,56
4082;2517,29
4083;3468,78
4084;5270,08
4085;7153,68
4086;7085,1
4087;5905,52
4088;8797,33
4089;6532,75
4090;4661,74
4091;1734,94
4092;1203,6
4093;1087,9
4094;5094,63
4095;9916,88
4096;2600,47
4097;692,14
4098;1275,21
4099;9179,03
4100;7118,95
4101;4360,97
4102;6539,02
4103;5257,63
4104;3596,4
4105;476,32
4106;1160,03
4107;8482,4
4108;9395,23
4109;3171,81
4110;5738,95
4111;8761,11
4112;8993,63
4113;5206
4114;6430,69
4115;4137,23
4116;4131,26
4117;5960,49
4118;8979,99
4119;5351,11
4120;8723,52
4121;7854,3
4122;6064,5
4123;7842,81
4124;1721,35
4125;5269,79
4126;747,25
4127;3032,7
4128;8764,56
4129;1924,51
4130;4916,58
4131;17,66
4132;7806,23
4133;6212,77
4134;9197,77
4135;1455,87
4136;109,95
4137;1800,86
4138;6701,94
4139;280,65
4140;6606,91
4141;3549,03
4142;7886,43
4143;4497,53
4144;5762,02
4145;2178,93
4146;1058,2
4147;9373,16
4148;6389,73
4149;3574,06
4150;617,76
4151;1481,97
4152;8404,85
4153;1049,4
4154;3636,1
4155;1221,28
4156;2383,33
4157;8175,54
4158;2982,3
4159;5787,49
4160;6569,29
4161;8142,53
4162;5288,28
4163;4833,47
4164;1023,1
4165;8079,42
4166;2464,9
4167;3458,57
4168;7873,07
4169;1932,31
4170;5855,69
4171;6800,34
4172;4348
4173;4784,02
4174;526,83
4175;9800,22
4176;9290,62
4177;2842,09
4178;7963,43
4179;1793,77
4180;1963,01
4181;3937,41
4182;334,96
4183;3137,73
4184;1098,22
4185;2676,41
4186;4011,72
4187;2663,98
4188;7332,08
4189;8781,01
4190;9025,58
4191;3737,69
4192;3003,29
4193;9109,77
4194;569,19
4195;2340,78
4196;9674,98
4197;4176,58
4198;6128,24
4199;3924,13
4200;5912,44
4201;9673,05
4202;3738,97
4203;3497,85
4204;8790,67
4205;6533,76
4206;1270,38
4207;2630,23
4208;658,77
4209;4646,65
4210;4077,35
4211;8297,59
4212;6862,79
4213;4808,09
4214;9705,54
4215;8183,61
4216;5954,32
4217;3717,69
4218;5083,06
4219;7283,57
4220;2198,58
4221;8038,71
4222;8894,57
4223;4006,83
4224;7029,19
4225;9068,73
4226;4258,94
4227;4369,91
4228;2697,83
4229;9023,24
4230;9893,65
4231;2907,7
4232;5912,45
4233;8722,39
4234;9591,97
4235;2586,56
4236;9649,61
4237;779,4
4238;2648,28
4239;7844,01
4240;194,06
4241;7628,98
4242;5204,93
4243;5549,46
4244;5953,71
4245;7497,23
4246;2626,27
4247;4005,54
4248;6323,71
4249;1696,74
4250;4751,79
4251;6299,87
4252;3104,72
4253;8290,08
4254;497,84
4255;4202,08
4256;1927,37
4257;2406,09
4258;9079,23
4259;226,3
4260;8536,89
4261;9309,88
4262;989,53
4263;355,33
4264;4205,3
4265;3034,52
4266;7640,34
4267;319,76
4268;823,01
4269;7250,61
4270;960,43
4271;1719,59
4272;3830,53
4273;2413,34
4274;84,01
4275;8611,45
4276;940,14
4277;235,76
4278;6274,89
4279;6773,06
4280;6432,66
4281;9928,36
4282;693,11
4283;1774,55
4284;502,74
4285;8140,46
4286;2466,13
4287;5858,42
4288;710,54
4289;3033,22
4290;4184,35
4291;840,29
4292;9939,82
4293;7283,67
4294;5873,46
4295;1711,18
4296;3596,99
4297;9459,03
4298;2535,2
4299;7588,34
4300;1105,28
4301;5493,7
4302;4640,32
4303;3241,03
4304;5682,93
4305;2556,37
4306;1943,34
4307;7710,87
4308;9965,25
4309;8567,02
4310;8640,77
4311;6046,14
4312;6821,95
4313;783,44
4314;2470,01
4315;7497,45
4316;4758,22
4317;8722,63
4318;5280,1
4319;4436,36
4320;6072,27
4321;1398,27
4322;9367,82
4323;6335,25
4324;7974,35
4325;6861,46
4326;1822,35
4327;3614,04
4328;4524,87
4329;5316,53
4330;22,47
4331;9614,66
4332;7020,77
4333;5418,54
4334;7614,12
4335;1294,22
4336;4185,81
4337;6238,26
4338;3172,65
4339;3544,75
4340;9986,05
4341;4728,83
4342;8812,16
4343;8088,12
4344;9005,29
4345;1676,77
4346;312,92
4347;6019,73
4348;9281,56
4349;4905,3
4350;1564,39
4351;9832,4
4352;4071,88
4353;4293,01
4354;2958,69
4355;6501,34
4356;6874,49
4357;2749,5
4358;1312,62
4359;5471,54
4360;6641,35
4361;6287,63
4362;2935,97
4363;5071,56
4364;3296,06
4365;1524
4366;3307,87
4367;6746,16
4368;8268,05
4369;644,02
4370;9418,57
4371;3012,59
4372;9877,73
4373;6129,12
4374;3765,54
4375;7236,28
4376;1464,9
4377;7151,83
4378;3737,06
4379;9492,3
4380;7218,12
4381;6200,14
4382;9872,75
4383;5109,86
4384;8075,28
4385;8926,71
4386;665,7
4387;6789,66
4388;6548,25
4389;9118,09
4390;8207,33
4391;5767,18
4392;5950,15
4393;8314,01
4394;7668
4395;7708,54
4396;721,3
4397;1054,21
4398;2540,19
4399;9221,37
4400;194,66
4401;820,95
4402;2768,27
4403;3373,12
4404;3333,13
4405;614,2
4406;8404,71
4407;3697,42
4408;3054,04
4409;3952,58
4410;6357,06
4411;860,57
4412;2025,99
4413;4791,97
4414;693,58
4415;3165,05
4416;3980,61
4417;9154,63
4418;1567,53
4419;3361,97
4420;3532,93
4421;6134,75
4422;4002,55
4423;6893,24
4424;2890,47
4425;177,87
4426;4425,45
4427;5228,54
4428;6460,7
4429;788,83
4430;5072,26
4431;2901,59
4432;6450,39
4433;5124,08
4434;2717,42
4435;3349,91
4436;1518,94
4437;4817,72
4438;7461,07
4439;7771,2
4440;7750,81
4441;6994,4
4442;3099,46
4443;8671,19
4444;2282,5
4445;2043,45
4446;5629,92
4447;8496,58
4448;5727,29
4449;7880,2
4450;777,9
4451;2214,9
4452;8866,11
4453;8711,59
4454;9871,74
4455;82,2
4456;953,06
4457;8077,68
4458;3223,22
4459;7316,39
4460;5491,11
4461;5222,52
4462;9194,36
4463;1118,52
4464;4443,1
4465;7234,45
4466;2856,8
4467;3419,06
4468;6311,37
4469;8770,75
4470;1166,58
4471;4929,69
4472;4441,96
4473;234,85
4474;7127,75
4475;5105,23
4476;4253,64
4477;1624,69
4478;7010,6
4479;749,47
4480;6657,75
4481;8233,34
4482;6864,7
4483;6936,18
4484;5523,49
4485;9307,04
4486;4970,49
4487;9233,73
4488;2882,79
4489;9575,67
4490;1450,44
4491;1884,6
4492;9455,56
4493;8959
4494;2012,82
4495;8096,34
4496;2935,39
4497;9386,31
4498;8017,41
4499;2939,63
4500;1603,99
4501;6437,91
4502;610,77
4503;1502,65
4504;2773,51
4505;1582,97
4506;3723,79
4507;3627,99
4508;9206,5
4509;609,32
4510;8422,73
4511;4095,28
4512;2652,8
4513;8363,23
4514;1449,43
4515;4259,69
4516;8006,16
4517;3920,29
4518;808,55
4519;6684,41
4520;3552,68
4521;9948,97
4522;1826,61
4523;5790,16
4524;2042,55
4525;7403,37
4526;2369,94
4527;2481,24
4528;1943,34
4529;3969,61
4530;5453,24
4531;9610,86
4532;7345,96
4533;9545,44
4534;3945,78
4535;2429,84
4536;3302,41
4537;9896,48
4538;2254,83
4539;892,72
4540;5573,47
4541;1747,36
4542;8476,21
4543;3115,83
4544;118,49
4545;5482,04
4546;410,05
4547;5063,84
4548;9881,42
4549;3871,44
4550;1095,57
4551;1155,16
4552;2985,28
4553;9240,09
4554;8353,23
4555;7588,85
4556;941,62
4557;704,94
4558;618,39
4559;7934,06
4560;5819,31
4561;5796,17
4562;681,07
4563;2548,91
4564;9164,07
4565;462,01
4566;5888,77
4567;4104,17
4568;7687,71
4569;3384,43
4570;9802,81
4571;2425,16
4572;9037,48
4573;1007,61
4574;2067,1
4575;5237,37
4576;8725,77
4577;3452,54
4578;9119,14
4579;2943,9
4580;8527,59
4581;6831,01
4582;9898,65
4583;4404,58
4584;762,25
4585;2313,01
4586;945,09
4587;6008,78
4588;9555,4
4589;3225,18
4590;9112,75
4591;2637,4
4592;278,2
4593;839,49
4594;7652,02
4595;6122,21
4596;3396,22
4597;5448,46
4598;3561,23
4599;2298,25
4600;1628,82
4601;7797,01
4602;5158,22
4603;3938,72
4604;4230,1
4605;6679,63
4606;8927,65
4607;5460,63
4608;2685,61
4609;4151,02
4610;8403,96
4611;3025,84
4612;2311,05
4613;4442,71
4614;7992,67
4615;1516,89
4616;5079,93
4617;1139,44
4618;2128,32
4619;1833,43
4620;6525,53
4621;8439,53
4622;9922,56
4623;2958,88
4624;9089,08
4625;595,81
4626;9272,56
4627;8076,55
4628;9684,22
4629;8335,05
4630;7735,41
4631;2090,26
4632;455,24
4633;1842,68
4634;7758,11
4635;3166,2
4636;2221,37
4637;8132,24
4638;4668,53
4639;9396,65
4640;3327,86
4641;5241,84
4642;9082,63
4643;9257,02
4644;1150,17
4645;8661,3
4646;6539,69
4647;7408,48
4648;6299
4649;6433,52
4650;3837,8
4651;7112,17
4652;8769,32
4653;4599,25
4654;5336,62
4655;8208,64
4656;3814,61
4657;8480,69
4658;6919,59
4659;9425,77
4660;318,47
4661;5933,87
4662;7537,89
4663;7863,99
4664;9949,22
4665;607,18
4666;1597,76
4667;4785,43
4668;1908,15
4669;1531,58
4670;8606,97
4671;8490,96
4672;4614,06
4673;6096,05
4674;6879,08
4675;1384,02
4676;4658,39
4677;9813,26
4678;9018,75
4679;2477,16
4680;95,33
4681;9896,71
4682;6904,52
4683;149,63
4684;8424,51
4685;539,41
4686;2020,08
4687;9158,78
4688;5968,94
4689;9612,78
4690;3988,11
4691;3433,45
4692;1305,12
4693;2934,05
4694;6173,04
4695;2271,37
4696;7497,55
4697;3854,8
4698;7112,93
4699;2444,93
4700;4950,32
4701;3202,02
4702;6666,75
4703;98,13
4704;3525,25
4705;818,1
4706;6707,7
4707;6658,15
4708;6327,1
4709;5231,3
4710;6182,12
4711;6115,12
4712;8096,03
4713;8780,36
4714;5139,83
4715;8222,96
4716;2903,47
4717;5281,65
4718;1428,91
4719;2199,87
4720;374,6
4721;4109,81
4722;3952,86
4723;3049,55
4724;2914
4725;1231,76
4726;1050,5
4727;3698,87
4728;1484,85
4729;293,56
4730;8827,39
4731;7377,1
4732;1623,38
4733;9551,56
4734;4939,68
4735;7322,24
4736;8669,51
4737;4493,09
4738;3587,72
4739;2567,21
4740;9598,72
4741;3808,97
4742;3817,66
4743;5291,12
4744;8231,19
4745;7419,46
4746;9459,6
4747;4744,37
4748;7899,67
4749;7244,17
4750;8442,79
4751;6219,51
4752;9031,16
4753;1873,46
4754;7933,91
4755;7521,17
4756;6073,2
4757;8103,73
4758;6748,68
4759;2235,44
4760;6910,22
4761;3910,57
4762;9250,21
4763;5691,23
4764;1563,9
4765;1766,27
4766;581,01
4767;7004,85
4768;5752,05
4769;6003,74
4770;6353,79
4771;968,61
4772;5145,51
4773;7662,01
4774;1613,46
4775;5773,12
4776;7754
4777;4608
4778;838,17
4779;6016,84
4780;2333,08
4781;481,6
4782;2233,02
4783;7728,07
4784;3505,98
4785;2779,57
4786;1875,22
4787;8244,11
4788;5303,6
4789;81,91
4790;9479,48
4791;1961,74
4792;579,24
4793;198,51
4794;5029,46
4795;8802,82
4796;4212,57
4797;9843,06
4798;6753,95
4799;9584,05
4800;804,56
4801;3181,96
4802;3257,49
4803;8109,29
4804;2489,32
4805;5893,4
4806;9362,14
4807;2979,57
4808;6183,66
4809;6599,6
4810;145,13
4811;1612,46
4812;2284,99
4813;3178,98
4814;8645,38
4815;6447,66
4816;8420,34
4817;8047,59
4818;7644,61
4819;6323,81
4820;18,11
4821;6739,9
4822;8383,39
4823;3164,24
4824;5683,18
4825;1389,55
4826;9281,34
4827;5684,16
4828;4806,56
4829;6907,95
4830;2223,01
4831;3960,86
4832;3784,46
4833;1145,5
4834;3986,71
4835;9629,35
4836;8389,08
4837;9245,78
4838;4103,96
4839;3708,64
4840;3299,33
4841;5159,8
4842;4007,99
4843;7023,84
4844;9329,67
4845;1894,03
4846;1977,35
4847;9952,43
4848;3863,33
4849;4962,25
4850;6628,9
4851;1276,34
4852;2148,5
4853;2853,23
4854;9065,21
4855;1467,48
4856;7660,6
4857;9590,37
4858;4101,23
4859;5152,26
4860;7346,92
4861;5255,92
4862;4134,86
4863;1913,25
4864;6607,27
4865;1393,9
4866;9627,56
4867;1989,56
4868;2686,61
4869;3343,98
4870;1887,65
4871;7686,28
4872;3917,19
4873;1626,17
4874;3754,24
4875;6328,4
4876;8784,22
4877;5947,87
4878;2941,92
4879;6490,97
4880;7203,21
4881;1090,5
4882;6317,64
4883;245,64
4884;1524,12
4885;7121,61
4886;1473,08
4887;5167,35
4888;9083,95
4889;1358,72
4890;5599,85
4891;4685,74
4892;9589,8
4893;1251,08
4894;1616,14
4895;9847,86
4896;3356,51
4897;1493,71
4898;9100,45
4899;326,59
4900;5603,9
4901;1925,77
4902;710,13
4903;4339,57
4904;8936,68
4905;7214,53
4906;3715,28
4907;3134,18
4908;1301,85
4909;410,49
4910;5221,4
4911;7618,75
4912;3089,73
4913;4252,43
4914;5096,58
4915;7744,61
4916;5552,63
4917;7609,64
4918;9924,86
4919;9039,75
4920;1655,46
4921;7806,18
4922;5421,42
4923;822,35
4924;9391,65
4925;605,62
4926;925,29
4927;2054,99
4928;8721,51
4929;4556,41
4930;3996,7
4931;3348,9
4932;7928,94
4933;923,78
4934;7643,8
4935;1971,11
4936;764,52
4937;4123
4938;7282,47
4939;5269,68
4940;887,31
4941;3535,24
4942;1374,43
4943;759,51
4944;8230,86
4945;5601,18
4946;3784,53
4947;4593,45
4948;5269,52
4949;8449,83
4950;2210
4951;8950,15
4952;3300,22
4953;3520,07
4954;3258,34
4955;1597,46
4956;4632,17
4957;9235,19
4958;4864,48
4959;1885,44
4960;2580,01
4961;891,81
4962;6711,29
4963;4026,67
4964;1645,33
4965;1783,17
4966;3321,18
4967;3303,61
4968;6793,71
4969;7725,95
4970;643,18
4971;8848,43
4972;9425,43
4973;5480,07
4974;7134,25
4975;2718,39
4976;1353,26
4977;6166,9
4978;6369,86
4979;2502,93
4980;17,13
4981;3868,4
4982;7346,78
4983;5315,4
4984;1473,32
4985;3974,36
4986;5794,62
4987;9042,92
4988;2762,36
4989;5569,09
4990;5733,7
4991;4859,39
4992;2722,77
4993;9339,2
4994;9364,71
4995;246,45
4996;5913,84
4997;6763,19
4998;7592,12
4999;4569,75
5000;9905,78
5001;3950,02
5002;2750,63
5003;453,76
5004;3611,03
5005;9391,72
5006;1675
5007;1324,6
5008;5772,76
5009;9677,68
5010;4711,03
5011;1431,26
5012;6849,63
5013;3604,44
5014;965,08
5015;5724,24
5016;1141,89
5017;6323,15
5018;1348,42
5019;5722,61
5020;7720,98
5021;1287,02
5022;8592,09
5023;5854,24
5024;469,23
5025;1159,24
5026;4404,4
5027;8152,17
5028;8804,64
5029;4575,11
5030;3860,6
5031;3549,78
5032;4181,47
5033;1203,33
5034;5018,86
5035;5466,73
5036;5363,76
5037;3617,57
5038;5936,72
5039;9757,04
5040;7371,99
5041;3762,56
5042;1115,66
5043;1917,96
5044;2865,34
5045;6960,33
5046;4119,15
5047;8410,86
5048;7667,66
5049;2758,86
5050;1533,67
5051;2438,48
5052;6340,93
5053;8661,82
5054;9584,86
5055;253,77
5056;5638,28
5057;9784,68
5058;9,27
5059;4226,61
5060;7847,75
5061;7437,68
5062;2703,53
5063;6370,92
5064;3482,95
5065;4243,27
5066;6971,55
5067;818,61
5068;6546,44
5069;8513,13
5070;3418,54
5071;703,81
5072;4569,22
5073;9694,58
5074;8384,43
5075;1214,19
5076;7249,88
5077;7764,45
5078;4876,93
5079;8688,45
5080;7375,89
5081;7968,2
5082;3563,9
5083;8042,31
5084;1398,84
5085;7414,1
5086;5122,04
5087;4194,59
5088;9410,19
5089;9324,11
5090;4816,43
5091;9177,23
5092;8455,33
5093;7966,45
5094;2107,19
5095;6977,29
5096;7869,06
5097;3488,86
5098;7416,42
5099;4862,01
5100;8909,63
5101;1698,62
5102;5093
5103;9907,24
5104;9563,72
5105;4843,49
5106;1357,46
5107;6850,24
5108;2351,66
5109;2981,22
5110;4392,75
5111;3734,45
5112;205,77
5113;2459,36
5114;6604,48
5115;4450,01
5116;1786,28
5117;6917,27
5118;4717,51
5119;7732,55
5120;4283,49
5121;9588,87
5122;4898,92
5123;5510,92
5124;5142,51
5125;5869,01
5126;6190,04
5127;102,5
5128;6311,91
5129;5255,36
5130;3874,45
5131;2252,02
5132;7340,42
5133;7520,01
5134;3124,25
5135;1945,99
5136;9702,02
5137;2332,94
5138;5830,2
5139;3726,99
5140;1986,16
5141;1285,83
5142;5453,93
5143;5657,46
5144;8749,7
5145;7858,59
5146;3519,61
5147;8246,42
5148;2380,62
5149;2723,32
5150;3675,43
5151;7,58
5152;1325,01
5153;1005,89
5154;1932,47
5155;1839,27
5156;5761,57
5157;8151,39
5158;8750,54
5159;6125,6
5160;9624,78
5161;8154,05
5162;2194,54
5163;5574,16
5164;5837,68
5165;5219,15
5166;4028,18
5167;1210
5168;7560,21
5169;1090,47
5170;8965,66
5171;5241,5
5172;9927,53
5173;8346,91
5174;9802,19
5175;361,1
5176;5897,72
5177;8698,24
5178;6410,43
5179;5322
5180;7091,78
5181;1472,6
5182;7760,29
5183;5729,02
5184;7882,64
5185;7199,06
5186;7791,07
5187;5404,65
5188;7942,49
5189;1288,96
5190;5582,69
5191;7255,2
5192;4027,07
5193;8905,99
5194;1302,89
5195;6631,43
5196;2400,77
5197;6642,72
5198;139,02
5199;1369,96
5200;999,76
5201;4906,14
5202;947,11
5203;5350,71
5204;3279,43
5205;2110,56
5206;664,3
5207;1234,34
5208;3650,81
5209;7275,55
5210;1521,95
5211;3933,47
5212;1514,48
5213;3573,13
5214;2945,26
5215;8000,02
5216;4319,71
5217;3877,63
5218;6715,12
5219;9081,4
5220;9105,99
5221;7273,88
5222;8803,96
5223;5470,37
5224;695,59
5225;1108,54
5226;482,88
5227;6656,5
5228;1222,68
5229;3679,65
5230;782,48
5231;6632,23
5232;7108,2
5233;8330,13
5234;5797,92
5235;9125,88
5236;8515,75
5237;5811,38
5238;9918,72
5239;4766,66
5240;1825,92
5241;80,6
5242;2461,66
5243;8002,4
5244;3943,28
5245;737,92
5246;4961,86
5247;8447,18
5248;8627,79
5249;7580,59
5250;7492,65
5251;4665,75
5252;213,95
5253;3588,02
5254;2162,55
5255;2158
5256;9833,76
5257;1670,05
5258;4506,89
5259;4868,74
5260;6562,61
5261;7909,25
5262;3952,73
5263;9471,53
5264;8223,02
5265;7293,5
5266;7645,92
5267;8375,34
5268;6804,12
5269;6606,31
5270;8565,43
5271;4407,43
5272;2027,05
5273;8217,98
5274;5558,92
5275;7587,3
5276;257,77
5277;932,67
5278;8980,59
5279;6482,95
5280;5531,62
5281;4441,42
5282;9245,22
5283;4151,96
5284;4847,17
5285;1525,54
5286;2184,66
5287;2
5288;7327,81
5289;6265,68
5290;6773,36
5291;903,36
5292;2463,07
5293;3729,56
5294;3679,21
5295;4550,79
5296;8072,45
5297;1703,84
5298;5212,03
5299;3169,31
5300;8743,79
5301;996,24
5302;1334,85
5303;2235,29
5304;4511,59
5305;3731,62
5306;4408,96
5307;6834,51
5308;5036,92
5309;5707,25
5310;1323,37
5311;9420,07
5312;3412,18
5313;3407,7
5314;8394,8
5315;304,85
5316;915,54
5317;4685,68
5318;511,92
5319;2074,17
5320;6260,63
5321;9395,23
5322;6968,21
5323;6969,32
5324;2446,13
5325;1527,08
5326;2339,03
5327;7508,58
5328;8608,82
5329;8165,37
5330;9488,05
5331;4081,93
5332;3807,69
5333;5236,01
5334;3050,35
5335;4261,71
5336;8374,33
5337;1715,61
5338;3625,72
5339;5722,64
5340;1836,15
5341;1278,65
5342;6680,08
5343;4956,02
5344;843,4
5345;6451,02
5346;1209,81
5347;9422,18
5348;4026,5
5349;9526,58
5350;5274,4
5351;4141,86
5352;443,4
5353;7700,47
5354;9191,88
5355;3337,21
5356;5835,72
5357;9805,39
5358;6560,26
5359;4344,83
5360;7757,43
5361;6969,37
5362;3509,93
5363;4951,44
5364;7988,47
5365;831,3
5366;6228,92
5367;4079,93
5368;1254,54
5369;695,05
5370;8834,53
5371;1964,21
5372;5477,07
5373;9375,74
5374;5364,25
5375;99,02
5376;3485,47
5377;3695,28
5378;5266,07
5379;7925,41
5380;8471,63
5381;6121,75
5382;5095,62
5383;571,34
5384;9290,6
5385;3431,48
5386;1564,69
5387;6804,71
5388;331,18
5389;2628,18
5390;3471,92
5391;6275,93
5392;2315,52
5393;4996,59
5394;2681,38
5395;7457,22
5396;1259,89
5397;8169,51
5398;6007,59
5399;8774,05
5400;4946,12
5401;3032,67
5402;4992,24
5403;2100,71
5404;8160,05
5405;3521,91
5406;573,84
5407;1053,67
5408;6308,76
5409;2982,63
5410;5537,88
5411;188,41
5412;3190,65
5413;5172,81
5414;9985,27
5415;6229,67
5416;6995,73
5417;4852,41
5418;6327,2
5419;9783,52
5420;1534,43
5421;1279,74
5422;8229,49
5423;6708,59
5424;6831,71
5425;4496,63
5426;8890,54
5427;1657,98
5428;7570,69
5429;4927,24
5430;6504,01
5431;3395,33
5432;6528,46
5433;4614,15
5434;8945,63
5435;573,07
5436;248,3
5437;398,85
5438;7127,15
5439;24,81
5440;3673,37
5441;6378,3
5442;7497,94
5443;292,9
5444;1965,26
5445;4949,79
5446;6006,7
5447;5154,58
5448;4547,32
5449;5639,73
5450;4002,08
5451;8882,84
5452;9009,14
5453;5769,09
5454;5990,66
5455;9827,23
5456;6758,15
5457;2535,67
5458;9318,29
5459;1376,11
5460;747,47
5461;5284,85
5462;1256,37
5463;9791,07
5464;481,4
5465;1927,22
5466;8885,85
5467;2656,02
5468;2767,26
5469;5446,68
5470;5883
5471;1019,41
5472;892,56
5473;8500,56
5474;3060,78
5475;7763,77
5476;5634,64
5477;3520,75
5478;6258,15
5479;2128,78
5480;3584,98
5481;8338,68
5482;9303,44
5483;1611,72
5484;4146,41
5485;8475,94
5486;7255,89
5487;9829,57
5488;2931,77
5489;8316,22
5490;2311,44
5491;2151,79
5492;1094,15
5493;8350,32
5494;301,22
5495;1260,43
5496;4715,99
5497;9887,26
5498;1781,35
5499;4615,27
5500;5739,38
5501;8661,28
5502;8359,34
5503;6351,3
5504;6163,96
5505;8096,99
5506;736,39
5507;6076,14
5508;868,33
5509;3042,65
5510;211,37
5511;4439,39
5512;4254,78
5513;5980,7
5514;5949,68
5515;8829,61
5516;1545,75
5517;45,22
5518;2849,19
5519;3863,06
5520;1093,98
5521;9564,2
5522;4278,42
5523;5596,98
5524;9786,95
5525;7949,96
5526;5932,85
5527;3818,58
5528;2726,18
5529;33,28
5530;7681,53
5531;8606,36
5532;6385,02
5533;9283,14
5534;3704,62
5535;934,79
5536;9717,68
5537;1704,65
5538;3889,7
5539;8893,76
5540;3934,01
5541;9049,59
5542;5458,04
5543;5761,65
5544;4515,55
5545;7966,1
5546;4958,62
5547;3544,88
5548;5029,9
5549;5251,64
5550;3781,12
5551;9095,72
5552;4815,49
5553;2100,99
5554;9295,39
5555;5138,29
5556;8670,22
5557;4708,79
5558;6442,57
5559;2234,5
5560;9426,6
5561;4753,04
5562;1037,49
5563;6280,97
5564;528,28
5565;2128,57
5566;4468,36
5567;5434,68
5568;829,43
5569;1567,75
5570;2205,79
5571;5428,76
5572;529,86
5573;1652,42
5574;1982,89
5575;4041,36
5576;9752,61
5577;1346,59
5578;8746,42
5579;4811,17
5580;6770,73
5581;7641,92
5582;5418,32
5583;1609,33
5584;7206,42
5585;1159,6
5586;7568,94
5587;2856,65
5588;7137,88
5589;6892,75
5590;8997,62
5591;400,85
5592;4048,67
5593;5779,8
5594;7050,99
5595;6449,24
5596;5242,78
5597;8200,38
5598;5858,08
5599;5221,79
5600;1566,82
5601;4659,62
5602;2925,35
5603;6709,09
5604;4388,29
5605;4583,01
5606;7340,95
5607;1935,58
5608;552,63
5609;3361,66
5610;3599,92
5611;7175,84
5612;3354,86
5613;6065,54
5614;1260,31
5615;568,14
5616;6318,47
5617;5913,33
5618;9794,45
5619;9180,93
5620;284,1
5621;1292,91
5622;6545,7
5623;969,43
5624;4275,81
5625;3920,48
5626;7744,63
5627;6018,49
5628;9721,4
5629;1367,21
5630;7127,59
5631;5240,12
5632;2970,67
5633;8003,56
5634;8207,03
5635;7352,44
5636;8449,89
5637;5976,14
5638;2522,49
5639;4592,42
5640;3092,97
5641;895,94
5642;2720,67
5643;9306,78
5644;7122,52
5645;5151,06
5646;7185,9
5647;1173,01
5648;9657,79
5649;435,99
5650;98,09
5651;1042,36
5652;9440,38
5653;6680,69
5654;4562,45
5655;6981,47
5656;4699,34
5657;4086,45
5658;5289,82
5659;2587,5
5660;2638,06
5661;5723,66
5662;247,6
5663;5055,39
5664;4955,59
5665;5066,36
5666;3882,31
5667;1880,61
5668;2099,65
5669;3709,25
5670;9071,9
5671;6948,34
5672;5771,62
5673;4005,52
5674;6494,08
5675;2099,69
5676;6369,13
5677;2625,06
5678;6807,18
5679;2176,27
5680;1330,05
5681;3117,63
5682;2459,04
5683;2485,68
5684;6222,85
5685;9259,49
5686;8508,03
5687;1492,75
5688;9836,45
5689;6377,5
5690;6624,45
5691;222,48
5692;2660,62
5693;9893,64
5694;1766,85
5695;1031,68
5696;347,44
5697;8571,5
5698;5820,46
5699;1839,98
5700;7934,29
5701;4783,89
5702;9139,53
5703;1583,74
5704;4554,22
5705;4053,5
5706;3741,85
5707;3035,6
5708;8563
5709;9239,59
5710;513,58
5711;7220,73
5712;6525,41
5713;3313,42
5714;2750,67
5715;9927,06
5716;3691,49
5717;1648,74
5718;7526,95
5719;3428,51
5720;8655,11
5721;713,36
5722;44,73
5723;1817,69
5724;618,02
5725;5842,53
5726;7734,31
5727;3011,35
5728;9414,4
5729;9454,88
5730;4436,75
5731;1821,77
5732;4752,84
5733;4890,83
5734;388,76
5735;929,23
5736;928,14
5737;4891,76
5738;5421,78
5739;2861,58
5740;7276,39
5741;8962,34
5742;359,83
5743;8753,57
5744;2582,44
5745;7859,79
5746;7918,1
5747;7024,73
5748;9149,67
5749;3570,09
5750;8487,87
5751;1695,75
5752;8263,1
5753;2899,85
5754;7050,74
5755;276,32
5756;5039,35
5757;7359,41
5758;2344,05
5759;2222,76
5760;1904,57
5761;7034,25
5762;7775,98
5763;7235,58
5764;8942,8
5765;691,91
5766;6622,66
5767;4944,85
5768;7193,85
5769;5778,21
5770;1634,8
5771;8045,9
5772;7112,27
5773;9934,11
5774;6587,23
5775;1592,94
5776;588,62
5777;1279
5778;5395,82
5779;4213,4
5780;3734,18
5781;1467,14
5782;5868,01
5783;838,56
5784;5067,92
5785;6721,2
5786;9584,8
5787;7321,23
5788;7934,08
5789;1829,67
5790;6044,68
5791;3545,42
5792;7110,56
5793;5590,95
5794;422,95
5795;6515,48
5796;647,09
5797;9909,89
5798;1532,49
5799;8178,42
5800;5895,95
5801;7678,91
5802;7819,01
5803;9931,01
5804;8538,77
5805;500,16
5806;6210,4
5807;3308,07
5808;126,77
5809;3765,29
5810;4337,57
5811;4863,71
5812;2747,97
5813;6173,66
5814;1221,73
5815;6470,56
5816;7543,56
5817;850,44
5818;6983,97
5819;3105,13
5820;4529,54
5821;7164,53
5822;3256,49
5823;4217,89
5824;85,76
5825;5051,25
5826;4380,97
5827;4249,88
5828;1311,59
5829;9694,55
5830;5690,59
5831;7848,2
5832;7282,95
5833;7024,56
5834;527,73
5835;3766,85
5836;6678,4
5837;2443,38
5838;6171,38
5839;705,63
5840;5917,63
5841;9750,63
5842;2341,49
5843;2382,21
5844;6760,15
5845;275,9
5846;9091,57
5847;4776,76
5848;3140,91
5849;9192,39
5850;2418,53
5851;5548,45
5852;2317,91
5853;2428,94
5854;1014,35
5855;4620,85
5856;3998,09
5857;9425,33
5858;2751,99
5859;5419,65
5860;9135,41
5861;6464,12
5862;4295,16
5863;80,51
5864;6417,03
5865;6776,02
5866;9613,56
5867;9325,15
5868;5343,11
5869;1579,84
5870;4115,99
5871;9552,88
5872;6068,42
5873;6604,9
5874;223,95
5875;3456,43
5876;4208,04
5877;992,23
5878;4868,68
5879;2070,39
5880;5086,78
5881;4881,99
5882;2610,9
5883;4377,89
5884;2231,85
5885;4510,58
5886;2952,87
5887;9613,32
5888;7757,33
5889;3471,35
5890;5597,51
5891;690,7
5892;1349,35
5893;7722,88
5894;6377,1
5895;8758,46
5896;4308,3
5897;2233,92
5898;9723,64
5899;3772,13
5900;9318,58
5901;4516,43
5902;6690,75
5903;2465,67
5904;2623,34
5905;9011,98
5906;9979,56
5907;228,21
5908;7977,98
5909;9797,48
5910;251,2
5911;9305,84
5912;3160,53
5913;5325
5914;6990,96
5915;3579,32
5916;2799,1
5917;5578,29
5918;9196,73
5919;5992,69
5920;9415,28
5921;9000,32
5922;8581,85
5923;8708,77
5924;6490,27
5925;9243,51
5926;9553,39
5927;8884,97
5928;290,59
5929;9376,22
5930;7088,37
5931;3406,3
5932;6935,74
5933;5269,69
5934;5194,85
5935;9421,14
5936;1596,23
5937;2124
5938;595
5939;8093,28
5940;3298,44
5941;15,94
5942;8151,74
5943;6721,12
5944;5909,5
5945;1156,83
5946;182,43
5947;8169,02
5948;4862,32
5949;5674,14
5950;1663,38
5951;6530,18
5952;3792,26
5953;5514,85
5954;6307,53
5955;7439,64
5956;4879
5957;2432,19
5958;1982,15
5959;920,36
5960;232,67
5961;1617,66
5962;9776,66
5963;6468,78
5964;8764,17
5965;8822,33
5966;5774,57
5967;9436,43
5968;7707,49
5969;9789,07
5970;7654,85
5971;1800,06
5972;2981,2
5973;3199,17
5974;1963,63
5975;1797,21
5976;9683,87
5977;3800,19
5978;361,03
5979;700,05
5980;1641,65
5981;9647,98
5982;5549,89
5983;9965,2
5984;3636,68
5985;5468,6
5986;7839,64
5987;3272,91
5988;1217,23
5989;1779,97
5990;9938,2
5991;6310,84
5992;2499,58
5993;5634,65
5994;238,36
5995;4346,07
5996;2036,55
5997;7409,11
5998;5236,11
5999;623,37
6000;3364,96
6001;2429,47
6002;6290,42
6003;8157,52
6004;4942,19
6005;97,63
6006;2275,3
6007;1556,71
6008;9726,59
6009;4329,37
6010;4652,98
6011;6033,81
6012;7317,03
6013;6706,52
6014;8658,19
6015;7029,04
6016;4930,93
6017;8750,39
6018;6841,69
6019;3880,9
6020;2055,44
6021;7699,71
6022;6040,05
6023;7967,43
6024;6266,6
6025;4634,66
6026;4682,2
6027;6937,63
6028;6454,09
6029;3657,27
6030;6428,8
6031;7297,36
6032;9182,7
6033;2491,01
6034;9310,43
6035;463,27
6036;9548,39
6037;8792,8
6038;4984,07
6039;4569,31
6040;1717,44
6041;265,7
6042;6359,03
6043;7052,62
6044;4979
6045;8335,55
6046;7619,59
6047;2261,77
6048;11,05
6049;4278,95
6050;8229,2
6051;4773,03
6052;4861,11
6053;7997,38
6054;1697,77
6055;2989,2
6056;8401,21
6057;3956,19
6058;3548,39
6059;9127,54
6060;1186,86
6061;7983,44
6062;1080,98
6063;3573,58
6064;681,58
6065;3137,11
6066;8273,19
6067;7017,59
6068;3258,34
6069;2867,71
6070;6418,11
6071;1651,23
6072;2989,63
6073;4957,6
6074;9317,23
6075;4110,25
6076;4049,08
6077;7447,29
6078;2837,57
6079;7777,07
6080;8457,53
6081;4378,06
6082;1924,29
6083;1981,83
6084;2144,01
6085;4090,79
6086;5568,01
6087;391,66
6088;7804,87
6089;1597,99
6090;3667,93
6091;7271,83
6092;4194,3
6093;4396,09
6094;4512,49
6095;1537,85
6096;4727,46
6097;4724,93
6098;1884,96
6099;4370,26
6100;579,46
6101;8155,98
6102;6187,61
6103;4135,25
6104;2286,47
6105;8510,98
6106;2408,06
6107;4719,23
6108;7009,44
6109;9504,18
6110;6441,91
6111;2207,66
6112;276,2
6113;9628,94
6114;4053,82
6115;8252,58
6116;7826,83
6117;9743,74
6118;8401,06
6119;2839,48
6120;5647,71
6121;2543,43
6122;1163,34
6123;3569,23
6124;7726,38
6125;5277,67
6126;1425,45
6127;1285,65
6128;550,52
6129;9542,36
6130;2432,99
6131;870,59
6132;3257,26
6133;9269,44
6134;5150,69
6135;3208,01
6136;536,55
6137;1834,09
6138;5099,49
6139;4614,57
6140;9035,2
6141;5723,26
6142;2392,05
6143;2331,03
6144;1247,25
6145;4820,6
6146;4165,32
6147;2627,21
6148;1576,82
6149;2497,8
6150;6679,07
6151;8652
6152;6751,35
6153;9492,99
6154;7265,95
6155;2056,03
6156;1634,42
6157;697,35
6158;2251,5
6159;6346,45
6160;2504,45
6161;8813,94
6162;4110,13
6163;5464,17
6164;8606,93
6165;3817,57
6166;6970,62
6167;5735,67
6168;6835,84
6169;314,87
6170;4970,03
6171;6118,1
6172;8250,48
6173;3653,83
6174;9590,01
6175;2872,07
6176;8928,82
6177;7785,89
6178;5350,34
6179;5282,72
6180;8493,05
6181;603
6182;270,24
6183;8043,4
6184;4018,88
6185;1818,73
6186;1562,91
6187;4560,64
6188;4501,7
6189;4242,24
6190;215,34
6191;3862,54
6192;9310,65
6193;9247,31
6194;9470,81
6195;6824,03
6196;6730,73
6197;849,75
6198;5898,05
6199;8374,9
6200;2289,09
6201;8960,15
6202;2886,46
6203;9945,22
6204;2405,24
6205;4499,49
6206;1367,24
6207;482,25
6208;6039,53
6209;1823,87
6210;977,77
6211;744,26
6212;3454,37
6213;5337,88
6214;3929,91
6215;1454,99
6216;6483,8
6217;4914,54
6218;469,06
6219;2271,69
6220;7478,19
6221;4924,56
6222;5482,82
6223;2234,8
6224;6372,03
6225;3403,99
6226;242,61
6227;8172,89
6228;2978,41
6229;5538,22
6230;271,16
6231;8159,9
6232;2132,96
6233;9496,35
6234;5448,49
6235;8906,6
6236;1774,58
6237;246,4
6238;727,02
6239;3339,45
6240;5588,57
6241;5648,7
6242;3647,05
6243;862,19
6244;3857,59
6245;9291,43
6246;5848,34
6247;876,06
6248;6398,6
6249;6181,17
6250;5809,88
6251;5666,56
6252;2987,02
6253;8991,55
6254;138,05
6255;458,63
6256;3756,38
6257;7157,89
6258;9869,17
6259;3561,12
6260;8685,51
6261;7943,87
6262;18,77
6263;8716,93
6264;9364,41
6265;1100,18
6266;286,19
6267;6220,57
6268;2581,29
6269;7415,92
6270;3879,93
6271;1672,47
6272;7621,3
6273;571,06
6274;7105,09
6275;6090,57
6276;2676,6
6277;2070,67
6278;8233,57
6279;6679,66
6280;6018,71
6281;790,62
6282;1837,47
6283;519,49
6284;4940,88
6285;1771,18
6286;571,31
6287;2463,88
6288;9067,4
6289;3493,35
6290;4487,52
6291;9265,76
6292;8515,98
6293;7964,26
6294;1331,18
6295;1687,06
6296;2397,79
6297;4544,2
6298;7026,96
6299;5583,04
6300;9259,99
6301;5222,68
6302;4739,35
6303;7862,18
6304;9244,7
6305;7387,69
6306;4895,1
6307;7298,18
6308;6550,1
6309;2665,43
6310;1492,04
6311;7985,42
6312;5993,88
6313;7884,5
6314;4462,67
6315;28,97
6316;7873,82
6317;3730,01
6318;5052,25
6319;3841,01
6320;8535,19
6321;6223,16
6322;1165,34
6323;5743,22
6324;479,21
6325;3359,6
6326;9913,93
6327;7565,03
6328;4641,44
6329;264,06
6330;1050,23
6331;5728,7
6332;3822,45
6333;6821,3
6334;3095,53
6335;6114,23
6336;8184,79
6337;7239,64
6338;2743,58
6339;5096,15
6340;1351,09
6341;1653,55
6342;5611,69
6343;9363,91
6344;3922,07
6345;4072,95
6346;1704,35
6347;9730,1
6348;512,51
6349;3321,7
6350;4581,75
6351;9072,3
6352;6776,06
6353;2682,6
6354;1576,72
6355;1394,61
6356;5890,14
6357;3440,14
6358;6959,78
6359;5651,56
6360;156,09
6361;9701,62
6362;9809,78
6363;9117,79
6364;4717,33
6365;9319,11
6366;4352,03
6367;5141,23
6368;53,78
6369;1263,11
6370;6030,04
6371;76,37
6372;6980,97
6373;9859,63
6374;8822,83
6375;439,44
6376;7724,55
6377;4961,87
6378;4268,3
6379;9875,49
6380;1254,26
6381;3665,95
6382;5400,32
6383;8158,41
6384;4057,17
6385;4879,27
6386;1862,65
6387;1748,45
6388;7905,97
6389;4610,61
6390;1829,68
6391;6297,29
6392;3818,43
6393;1166,09
6394;5363,92
6395;4851,26
6396;6004,1
6397;2412,5
6398;5280,78
6399;4140,47
6400;1667,23
6401;9869,62
6402;4358,78
6403;1569,91
6404;4016,84
6405;334,72
6406;5024,81
6407;6779,48
6408;7809,05
6409;5462,96
6410;3929,14
6411;4327,48
6412;9086,58
6413;9695,63
6414;2867,3
6415;4377,92
6416;285,48
6417;1947,51
6418;1150,84
6419;7646,27
6420;447,94
6421;7848,31
6422;2983,32
6423;1352,58
6424;2135,16
6425;564,33
6426;3004,8
6427;3561,58
6428;7016,64
6429;4870,12
6430;5565,05
6431;9292,52
6432;5335,29
6433;1653,8
6434;6642,23
6435;3691,09
6436;3524,85
6437;3008,22
6438;587,99
6439;1984,88
6440;6231,61
6441;6695,41
6442;1441,79
6443;9397,54
6444;3427,36
6445;4800,09
6446;1481,79
6447;4355,11
6448;901,2
6449;658,1
6450;1344,53
6451;3381,12
6452;7933,61
6453;6575,04
6454;5732,87
6455;7600,13
6456;2378,79
6457;7898,99
6458;3258,21
6459;7417,27
6460;1929,54
6461;7193,39
6462;3911,97
6463;3779,18
6464;5370,18
6465;8507,77
6466;9676,61
6467;3051,44
6468;4172,45
6469;9781,47
6470;1510,41
6471;9902,18
6472;1394,44
6473;6825,38
6474;2233,37
6475;2148,21
6476;6400,53
6477;4991,32
6478;5228,2
6479;3499,29
6480;8925,16
6481;4527,87
6482;1547,16
6483;3295,83
6484;3451,11
6485;3278,26
6486;9013,02
6487;8112,52
6488;5183,56
6489;1605,71
6490;2734,92
6491;2379,11
6492;3087,13
6493;8532,2
6494;1215,16
6495;8327,28
6496;81,37
6497;9467,21
6498;6635,12
6499;7656,84
6500;5967,4
6501;6039,39
6502;1408,71
6503;723,58
6504;4036,71
6505;5562,21
6506;4206,15
6507;3770,71
6508;253,74
6509;9890,83
6510;8437,31
6511;3183,47
6512;9113,93
6513;7786,3
6514;1113,2
6515;9764,97
6516;1512,65
6517;1912,34
6518;7511,33
6519;288,21
6520;4846,33
6521;4414,98
6522;1935,59
6523;4259,01
6524;5078
6525;3640,23
6526;1980,09
6527;1048,74
6528;5527,16
6529;3496,47
6530;7519,3
6531;2190,21
6532;9635,85
6533;4727,81
6534;3592,63
6535;9696,21
6536;4041,84
6537;8425,88
6538;1182,15
6539;6411,71
6540;6312,47
6541;4625,1
6542;9577,38
6543;4192,28
6544;3097,12
6545;4327,48
6546;1219,26
6547;8529,43
6548;2818,56
6549;8317,71
6550;7047,58
6551;6519,75
6552;1272,49
6553;8500,02
6554;2017,96
6555;9028,57
6556;3488,78
6557;5218,75
6558;6750,14
6559;6986,61
6560;430,08
6561;4245,53
6562;3891,1
6563;1273,45
6564;2196,34
6565;283,84
6566;6575,04
6567;2945,85
6568;3149,01
6569;4756,01
6570;3530,49
6571;474,6
6572;1896,02
6573;4328,63
6574;2834,06
6575;8422,24
6576;3029,89
6577;2497,3
6578;1395,36
6579;7114,08
6580;5102,36
6581;7477,67
6582;6396,96
6583;5592,78
6584;361,36
6585;9025,1
6586;7378,88
6587;7003,19
6588;7430,14
6589;5910,88
6590;1698,65
6591;9204,85
6592;6554,27
6593;7679,09
6594;1977,03
6595;6792,78
6596;113,41
6597;1205,24
6598;2295,74
6599;6996,17
6600;4270,12
6601;5580,01
6602;3243,29
6603;8798,47
6604;4423,04
6605;2103,17
6606;6067,77
6607;6793,1
6608;6288,45
6609;963,51
6610;1653,18
6611;8875,97
6612;2895,66
6613;1250,18
6614;54,18
6615;9787,96
6616;9346,05
6617;3744,19
6618;137,52
6619;4148,44
6620;2472,88
6621;1560,97
6622;6364,69
6623;2325,29
6624;7184,81
6625;369,38
6626;4980,63
6627;5637,25
6628;8704,48
6629;8864,98
6630;5837,07
6631;3372,47
6632;7512,23
6633;1353,29
6634;5953,83
6635;7504,14
6636;4144,78
6637;9640,74
6638;287,05
6639;5065,46
6640;3231,85
6641;5425,87
6642;7584,73
6643;4764,37
6644;3637,4
6645;301,92
6646;9122,93
6647;9615,72
6648;4513,91
6649;6621,7
6650;3871,88
6651;6315,14
6652;7084,01
6653;8823,88
6654;3864,83
6655;1737,13
6656;871,92
6657;5889,22
6658;5792,58
6659;6650,05
6660;2556,6
6661;442,45
6662;1125,26
6663;376,77
6664;6174,64
6665;4622,04
6666;6280,55
6667;8296
6668;4839,35
6669;7440,31
6670;9936,14
6671;2692,82
6672;4691,48
6673;1044,91
6674;2293,27
6675;3600,24
6676;2141,37
6677;1387,06
6678;5515,71
6679;7892,9
6680;9059,06
6681;6110,06
6682;811,21
6683;968,36
6684;3354,8
6685;8217,82
6686;357,92
6687;7321,94
6688;6907,87
6689;4148,19
6690;1745,61
6691;2437,08
6692;2069,51
6693;445,05
6694;6371,52
6695;2757,38
6696;8043,81
6697;536,05
6698;1069,67
6699;1796,64
6700;9996,07
6701;5666,59
6702;3845,32
6703;4940,1
6704;264,28
6705;166,27
6706;371
6707;249,57
6708;333,93
6709;8153,37
6710;9114,39
6711;4310,51
6712;7119,58
6713;4617,05
6714;8374,48
6715;3700,61
6716;7892,86
6717;2078,34
6718;7521,96
6719;6807,5
6720;587,97
6721;6373,51
6722;4026,39
6723;1383,04
6724;8572,6
6725;9383,6
6726;7503,26
6727;7100,83
6728;6561,97
6729;9158,49
6730;76,29
6731;2361,73
6732;5100,86
6733;7823,38
6734;7826,59
6735;1001,5
6736;2545,09
6737;1469,9
6738;2556,13
6739;5156,54
6740;6236,93
6741;4170,66
6742;6067,57
6743;5534,73
6744;2548,66
6745;9840,32
6746;116,35
6747;5441,47
6748;1291,65
6749;8915
6750;8391,7
6751;2354,99
6752;2922,83
6753;6906,85
6754;2961,1
6755;1143,79
6756;7430,63
6757;7603,34
6758;7174,99
6759;6476,58
6760;7148,48
6761;7644,95
6762;3609,4
6763;8527,47
6764;9336,92
6765;5354,54
6766;6796,35
6767;9627,34
6768;704,27
6769;1966,85
6770;6936,67
6771;5737,31
6772;6821,9
6773;6039,01
6774;9,5
6775;4439,38
6776;3804,53
6777;3405,27
6778;1899,63
6779;6695,76
6780;2887,67
6781;1697,66
6782;6640,05
6783;9688,2
6784;546,03
6785;563,15
6786;6318,98
6787;2604,67
6788;5703,95
6789;2181,77
6790;4732
6791;9684,96
6792;7469,8
6793;322,7
6794;8177,89
6795;8189,72
6796;6566,08
6797;3867
6798;8727,14
6799;7440,85
6800;3041,45
6801;7131,26
6802;3293,39
6803;1511,87
6804;5500,46
6805;3198,37
6806;9243,94
6807;8323,92
6808;7774,93
6809;9139,99
6810;7755,96
6811;1872,04
6812;2222,26
6813;3310,82
6814;4932,95
6815;2980,44
6816;1345,14
6817;9870,3
6818;9457,65
6819;2924,88
6820;584,02
6821;5651,6
6822;3192,42
6823;4454,87
6824;3350,19
6825;5983,92
6826;8729,31
6827;8629,89
6828;3974,45
6829;5352,13
6830;5827,13
6831;5769,56
6832;6631,65
6833;7330,43
6834;5380,28
6835;1153,59
6836;4622,62
6837;2822,62
6838;3967,06
6839;7807,19
6840;699,5
6841;841,99
6842;9269,19
6843;6599,84
6844;4587,05
6845;5638,72
6846;1996,22
6847;5306,47
6848;8524,34
6849;179,8
6850;972,49
6851;2411,65
6852;6683,68
6853;3034,34
6854;5387,56
6855;2636,38
6856;2293,92
6857;7621,21
6858;765,3
6859;5495,88
6860;7070,02
6861;2004,7
6862;3144,12
6863;6935,84
6864;5326,15
6865;4711,89
6866;6157,15
6867;4672,21
6868;8474,3
6869;9282,28
6870;3144,16
6871;45,97
6872;5309,88
6873;810,25
6874;4992,62
6875;9319,23
6876;591,68
6877;9596,95
6878;8248,66
6879;9023,95
6880;9549,1
6881;6171,63
6882;8117,81
6883;4219,44
6884;133,15
6885;7652,97
6886;4985
6887;6674,67
6888;318,15
6889;1462,49
6890;9980,55
6891;4707,77
6892;6106,66
6893;810,08
6894;3840,11
6895;4388,69
6896;1721,19
6897;4073,56
6898;7760,96
6899;6164,71
6900;2084,21
6901;6056,36
6902;433,8
6903;3379,04
6904;5719,48
6905;4380,11
6906;928,91
6907;7604,69
6908;2799,32
6909;7966,21
6910;3906,74
6911;8141,92
6912;2077,85
6913;7002,29
6914;2878,13
6915;4175,5
6916;7812,26
6917;4251,42
6918;2555,14
6919;6391,9
6920;6693,41
6921;6502,48
6922;3603,82
6923;6157,95
6924;8619,33
6925;2921,91
6926;8586,45
6927;3975,19
6928;7666,4
6929;6362,42
6930;3073,14
6931;5437,75
6932;622,31
6933;3087,74
6934;9124,86
6935;2782,12
6936;7991,71
6937;1056,18
6938;3085,38
6939;1110,16
6940;1018,42
6941;5692,81
6942;4648,32
6943;2510,37
6944;5398,76
6945;5733,15
6946;1410,5
6947;6953,95
6948;1030,96
6949;5328,02
6950;2765,87
6951;4348,9
6952;7667,06
6953;8237,46
6954;1086,09
6955;1052,07
6956;6884,65
6957;2578
6958;817,49
6959;5606,63
6960;5178,94
6961;4987,16
6962;7693,64
6963;548,46
6964;3406,03
6965;5351,57
6966;5574,13
6967;338,5
6968;1170,95
6969;1782,96
6970;8427,54
6971;692,15
6972;192,02
6973;4135,72
6974;1877,46
6975;9362,76
6976;4731,82
6977;4809,05
6978;4905,67
6979;943,65
6980;785,16
6981;2526,35
6982;8184,81
6983;5206,22
6984;5337,28
6985;6354,58
6986;4356,64
6987;1087,61
6988;5684,7
6989;1346,69
6990;4956,55
6991;1138,85
6992;7601,91
6993;5091,52
6994;3626,65
6995;4668,11
6996;4711,03
6997;7949,55
6998;9613,38
6999;8783,04
7000;7433,29
7001;2401,38
7002;8782,16
7003;7828,57
7004;1375,09
7005;8245,07
7006;3335,35
7007;1847,56
7008;2578,21
7009;8555,5
7010;5390,8
7011;4160,63
7012;5064,31
7013;2459,74
7014;5167,11
7015;6084,02
7016;6189,53
7017;4263,34
7018;1823,19
7019;9461
7020;2270,62
7021;7352,65
7022;3663,34
7023;8321,78
7024;37,25
7025;3244,51
7026;6565,89
7027;7885,97
7028;7562,54
7029;6540,54
7030;2759,42
7031;133,82
7032;7229,5
7033;7908,38
7034;1167,14
7035;8078,89
7036;9594,74
7037;4957,27
7038;1062,33
7039;7018,69
7040;813,97
7041;5085,59
7042;4029,22
7043;3733,62
7044;1245,57
7045;8590,71
7046;7746,47
7047;5692,02
7048;7827,21
7049;6374,41
7050;7888,31
7051;1176,28
7052;6438,75
7053;948,37
7054;1271,11
7055;4544,19
7056;6269,14
7057;2192,28
7058;6951,24
7059;1264,02
7060;3799,16
7061;8524,78
7062;4922,77
7063;8173,56
7064;19,49
7065;7271,03
7066;2958,26
7067;3782,52
7068;5108,73
7069;1632,49
7070;4016,96
7071;6575,26
7072;412,14
7073;6860,6
7074;289,51
7075;5840,41
7076;7755,26
7077;8220,53
7078;7266,99
7079;5223,72
7080;6236,78
7081;5249,14
7082;1352,29
7083;6771,38
7084;5093,19
7085;1527,64
7086;3522,68
7087;6252,74
7088;4556,91
7089;304,16
7090;75,75
7091;1930,11
7092;1757,33
7093;8696,38
7094;794,83
7095;9344,74
7096;6783,24
7097;1214,34
7098;2542,51
7099;1894,67
7100;8452,67
7101;7496,7
7102;7630,96
7103;531,04
7104;7828,44
7105;3641,81
7106;9905,54
7107;2837,34
7108;7387,6
7109;8563,16
7110;5801,11
7111;107,41
7112;4646,2
7113;1449,61
7114;9573,2
7115;9638,14
7116;7692,17
7117;4925,07
7118;1605,12
7119;2178,48
7120;8118,22
7121;665,75
7122;404,17
7123;8749,04
7124;2004,83
7125;8037,44
7126;8645,94
7127;4422,16
7128;2613,99
7129;4926,59
7130;15,61
7131;8697,41
7132;5714,63
7133;1176,31
7134;3145,26
7135;9563,99
7136;9285,41
7137;9063,89
7138;8366,92
7139;1576,2
7140;7822,15
7141;9854,29
7142;1267,08
7143;2688,19
7144;6862,09
7145;5137,91
7146;2016,65
7147;6418,07
7148;2583,07
7149;1076,82
7150;2634,66
7151;9995,66
7152;2163,18
7153;4389,96
7154;277,99
7155;7856,41
7156;7126,89
7157;3894,16
7158;2657,03
7159;7884,98
7160;42,15
7161;8243,76
7162;3473,39
7163;586,98
7164;2277,5
7165;3743,76
7166;2615,51
7167;4280,82
7168;2938,98
7169;9363,72
7170;3733,15
7171;5390,62
7172;8435,73
7173;6849,67
7174;2897,23
7175;8477,88
7176;6344,43
7177;5492,36
7178;3938,34
7179;1454,53
7180;8629,68
7181;5160,77
7182;1275,74
7183;3924,45
7184;7340,46
7185;3640,24
7186;4239,21
7187;4718,94
7188;3979,55
7189;3854,69
7190;9691,97
7191;8965,69
7192;2549,83
7193;3330,8
7194;3743,41
7195;6084,78
7196;9574,46
7197;2103,58
7198;2836,23
7199;3416,34
7200;7520,86
7201;2510,93
7202;6362,35
7203;608,71
7204;8123,64
7205;8438,51
7206;4645,31
7207;1796,87
7208;1978,6
7209;2720,24
7210;2271,07
7211;9372,05
7212;5389,76
7213;7363,45
7214;1116,07
7215;5107,62
7216;1449,92
7217;3582
7218;916,39
7219;6853,5
7220;5720,71
7221;5434,52
7222;6142,91
7223;8796,12
7224;7339,63
7225;768,45
7226;8379,08
7227;376,61
7228;5287,22
7229;7727,81
7230;6747,77
7231;186,05
7232;7004,01
7233;5808,96
7234;937,57
7235;8997,38
7236;5891,77
7237;9338,99
7238;7970,14
7239;9055,98
7240;6112,79
7241;1325,97
7242;8352,57
7243;1116,05
7244;7683,5
7245;2778,64
7246;8709,72
7247;4179,14
7248;6860,08
7249;8060,13
7250;2285,65
7251;5819,79
7252;1713,76
7253;6951,73
7254;775,28
7255;1144,13
7256;9731,49
7257;1297,59
7258;6896,01
7259;873,58
7260;6089,68
7261;2702,1
7262;9897,75
7263;5906,18
7264;5827,92
7265;3051,34
7266;4853,01
7267;3955,22
7268;1404
7269;8517,53
7270;4717,02
7271;2661,43
7272;6378,21
7273;5704,22
7274;4398,07
7275;453,89
7276;6953,67
7277;2436,54
7278;450,35
7279;6459,19
7280;5500,14
7281;620,68
7282;9009,34
7283;9369,19
7284;184,08
7285;6869,09
7286;4992,87
7287;4340,9
7288;9501,17
7289;8814,13
7290;9882,35
7291;4786,22
7292;1751,21
7293;2919,6
7294;4410,25
7295;8246,45
7296;5038,71
7297;9073,12
7298;8221,97
7299;9844,37
7300;2540,34
7301;5977,44
7302;3848,94
7303;5434,13
7304;8630,11
7305;5311,15
7306;7479,16
7307;2719,44
7308;7892,27
7309;8929,77
7310;2575,55
7311;6808,3
7312;8492,34
7313;1857,28
7314;8401,33
7315;7329,38
7316;5210,89
7317;7881,14
7318;9276,82
7319;375,99
7320;3237,24
7321;8897,22
7322;4185,57
7323;2714,92
7324;7572,97
7325;9430,05
7326;7347,27
7327;9179,03
7328;1102,97
7329;2185,25
7330;6585,4
7331;466,15
7332;5458,5
7333;309,04
7334;7194,34
7335;9530,34
7336;2845,33
7337;1819,74
7338;6607,12
7339;6055,91
7340;3066,75
7341;6021,07
7342;3936,57
7343;840,65
7344;5840,32
7345;6601,43
7346;934,03
7347;3024,36
7348;3017,01
7349;3770,88
7350;4942,66
7351;5439,5
7352;2529,27
7353;7359,77
7354;8671,14
7355;865,2
7356;2783,03
7357;2824,25
7358;6284,59
7359;6537,11
7360;9971,67
7361;482,46
7362;4551,28
7363;491,41
7364;7331,93
7365;683,82
7366;6715,54
7367;2598,37
7368;8483,29
7369;46,73
7370;9937,68
7371;4653,51
7372;4171,04
7373;7620,18
7374;7100,23
7375;9299,68
7376;4720,93
7377;5003,44
7378;8363,27
7379;7221,17
7380;5167,01
7381;1334,16
7382;2124,19
7383;9529,55
7384;9489,88
7385;9897,74
7386;6809,33
7387;3686,85
7388;775,02
7389;3790,29
7390;9349,68
7391;7607,79
7392;7563,29
7393;67,84
7394;8279,2
7395;6571,48
7396;163,03
7397;6078,06
7398;3087,67
7399;6676,07
7400;8104,89
7401;4946,3
7402;3680,81
7403;5873,6
7404;5537,7
7405;5449,45
7406;5895,92
7407;248,71
7408;4348,6
7409;8826,46
7410;3860,98
7411;2051,97
7412;9667,02
7413;7562,71
7414;3655,49
7415;5771,03
7416;3518,09
7417;3702,96
7418;4707,25
7419;7586,02
7420;7742,36
7421;1226,98
7422;5353,8
7423;9288,08
7424;2306,77
7425;2906,52
7426;6804,82
7427;695,32
7428;6259,21
7429;6857,41
7430;4784,73
7431;4225,28
7432;4103,61
7433;6479,88
7434;8371,56
7435;9697,29
7436;1393,21
7437;4821,28
7438;4634,03
7439;9677,64
7440;303,78
7441;6115,7
7442;7956,15
7443;9631,45
7444;2920,18
7445;4357,83
7446;6881,15
7447;2549,54
7448;6948,84
7449;9185,75
7450;5741,56
7451;7391,26
7452;4193,13
7453;2994,23
7454;8246,5
7455;5092,39
7456;3017,67
7457;8200,99
7458;9331,15
7459;938,22
7460;3101,17
7461;2594,37
7462;9195,01
7463;684,18
7464;9796,82
7465;4852,5
7466;9972,35
7467;4855,28
7468;4445,05
7469;5913,21
7470;2838,7
7471;1550,46
7472;6026,56
7473;6458,39
7474;1831,86
7475;1575,58
7476;8435,89
7477;9993,1
7478;812
7479;4855,11
7480;6181,4
7481;1028,67
7482;6238,94
7483;8182,33
7484;8336,59
7485;2214,71
7486;2779,58
7487;7139,52
7488;332,65
7489;2952,36
7490;1657,63
7491;7007,79
7492;8069,01
7493;3268,26
7494;1771,67
7495;1472,8
7496;7540,89
7497;5656,37
7498;2887,98
7499;4101,39
7500;6005,79
7501;6749,32
7502;5290,2
7503;4189,85
7504;7084,84
7505;6850,01
7506;3182,62
7507;2185,69
7508;3345,73
7509;9357,87
7510;8409,9
7511;9025,15
7512;983,79
7513;6144,11
7514;9953,65
7515;9830,03
7516;680,67
7517;709,64
7518;6371,58
7519;1898,29
7520;5828,92
7521;5931,79
7522;3420,18
7523;923,63
7524;510,05
7525;7941,14
7526;1050,53
7527;7340,17
7528;3477,05
7529;3088,44
7530;3642,88
7531;4134,07
7532;6308,01
7533;7116,58
7534;8907,68
7535;5854,96
7536;8838,13
7537;8196,49
7538;4710,12
7539;475,19
7540;2410,15
7541;5331,23
7542;204,22
7543;4279,14
7544;4498,87
7545;4634,66
7546;1379,71
7547;2848,47
7548;8490,89
7549;7375,92
7550;583,97
7551;3102,02
7552;3296,62
7553;9077,19
7554;6425,83
7555;5180,48
7556;832,21
7557;4901,61
7558;1313,32
7559;5961,03
7560;9584,03
7561;7921,04
7562;8887,25
7563;9290,01
7564;6146,81
7565;4018,82
7566;6316,98
7567;1022,66
7568;5548,86
7569;9607,67
7570;9349,4
7571;4236,07
7572;5872,5
7573;4315,86
7574;5243,96
7575;8340,05
7576;933,9
7577;8409,37
7578;7662,9
7579;5507,34
7580;6324,72
7581;8367,22
7582;2033,33
7583;9540,71
7584;9188,85
7585;3043,04
7586;1782,94
7587;8052,85
7588;7410,51
7589;1716,56
7590;8231,09
7591;9837,46
7592;2140,19
7593;9806,59
7594;8824,52
7595;8610,48
7596;9510,15
7597;3808,75
7598;1154,99
7599;5462,1
7600;1306,66
7601;4516,01
7602;6737,59
7603;8962,33
7604;4319,08
7605;4544,14
7606;5045,62
7607;2581,65
7608;137,3
7609;6100,3
7610;9910,59
7611;801,72
7612;3329,23
7613;2313,22
7614;8015,14
7615;8091,39
7616;2561,9
7617;6163,46
7618;8321,15
7619;5204,24
7620;5946,42
7621;1106,4
7622;2874,8
7623;1257,46
7624;6996,54
7625;725,92
7626;211,25
7627;2298,29
7628;2946,46
7629;9078,51
7630;8914,16
7631;6792,39
7632;895,2
7633;1538,35
7634;9928,87
7635;309,41
7636;2290,99
7637;7288,41
7638;975,35
7639;64,45
7640;7481,75
7641;5434,33
7642;1300,19
7643;2241,54
7644;368,92
7645;6748,91
7646;4973,12
7647;6399,63
7648;6404,12
7649;7783,67
7650;7570,69
7651;8378,72
7652;8408,6
7653;666,22
7654;7751,39
7655;7415,69
7656;3717,96
7657;3129,79
7658;1183,94
7659;9404,63
7660;5879,65
7661;2123,37
7662;6873,01
7663;2722,22
7664;4914,32
7665;2198,21
7666;9920,65
7667;6724,35
7668;6423,03
7669;6159,38
7670;7526,63
7671;1315,24
7672;3683,97
7673;5635
7674;7101,17
7675;4771,45
7676;3579,14
7677;4742,98
7678;7866,7
7679;313,53
7680;1852,3
7681;7305,71
7682;7166,04
7683;5243,2
7684;9261,03
7685;5061,56
7686;9715,16
7687;5512,02
7688;7323,48
7689;3884,23
7690;2083,71
7691;1723,9
7692;2298,22
7693;1924,75
7694;8365,27
7695;2707,71
7696;2820,83
7697;9719,54
7698;3357,63
7699;5046,79
7700;8400,28
7701;8739,67
7702;1022,48
7703;4763,65
7704;5300,54
7705;673,91
7706;9195,06
7707;2731,48
7708;3593,75
7709;4735,63
7710;1623
7711;3629,04
7712;2315,35
7713;3024,57
7714;6377,75
7715;6870,75
7716;2288,78
7717;7263,38
7718;5369,45
7719;1237,71
7720;8251,71
7721;6297,29
7722;4755,78
7723;2037,78
7724;3546,69
7725;6338,99
7726;4688,26
7727;1498,29
7728;9328,97
7729;8292,61
7730;1978,56
7731;3037,46
7732;3766,6
7733;886,32
7734;8600,7
7735;486,74
7736;3804,55
7737;6601,61
7738;9980,93
7739;646,45
7740;1959,59
7741;4656,24
7742;8192,38
7743;4057,42
7744;6730,85
7745;5311,19
7746;8776,35
7747;516,51
7748;5722,42
7749;3454,22
7750;7425,92
7751;1857,01
7752;9616,38
7753;7096,9
7754;6269,65
7755;8685,77
7756;3996,05
7757;8937,87
7758;2784,94
7759;3551,06
7760;5831,25
7761;3951,49
7762;3459,59
7763;6223,4
7764;2741,25
7765;4680,65
7766;6289,45
7767;2899,24
7768;7396,13
7769;4090,43
7770;924,9
7771;606,88
7772;1242,04
7773;927,4
7774;2724,18
7775;2769,12
7776;4165,96
7777;8128,63
7778;3446,18
7779;160,39
7780;2909,78
7781;3092,08
7782;2005,01
7783;2237,09
7784;8809,33
7785;0,09
7786;9176,04
7787;8352,34
7788;6097,89
7789;493,13
7790;2564,8
7791;2580,88
7792;1902,9
7793;7528,32
7794;6642,25
7795;572,76
7796;9001,64
7797;6394,17
7798;6583,64
7799;6264,75
7800;7384,74
7801;7391,42
7802;6249,99
7803;7434,98
7804;9629,48
7805;4449,8
7806;3924,16
7807;1314,5
7808;6326,3
7809;7571,67
7810;4009,8
7811;7630,99
7812;737
7813;2418,73
7814;6302,7
7815;6448,25
7816;5452,34
7817;8222,76
7818;3270,96
7819;1865,27
7820;1069,81
7821;180,97
7822;5829,15
7823;3056,16
7824;4000,94
7825;6833,08
7826;5258,69
7827;3244,6
7828;5916,49
7829;2681,85
7830;985,99
7831;6436,1
7832;8130,93
7833;3599,17
7834;1989,8
7835;2604,67
7836;9146,45
7837;2515,75
7838;6703,64
7839;7562,25
7840;7412,99
7841;1688,98
7842;8726,06
7843;8131,43
7844;5227,83
7845;3270,84
7846;2808,58
7847;314,88
7848;5158,74
7849;1056,06
7850;1288,72
7851;7761,61
7852;9466,87
7853;793,45
7854;8057,99
7855;3083,26
7856;3259,62
7857;8679,44
7858;6040,36
7859;5388,61
7860;2353,13
7861;3141,08
7862;6351
7863;1492,89
7864;7954,63
7865;7823,72
7866;1092,35
7867;7551
7868;532,32
7869;9465,16
7870;7886,6
7871;431,04
7872;9019,33
7873;2502,69
7874;6837,69
7875;2808,05
7876;4918,47
7877;7659,34
7878;9136,97
7879;6654,54
7880;8651,7
7881;8356,33
7882;3224,59
7883;7322,89
7884;1397,28
7885;4917,3
7886;1257,46
7887;9803
7888;393,39
7889;2849,52
7890;7613,06
7891;602,5
7892;8949,19
7893;4465,27
7894;8127,82
7895;4527,41
7896;1126,12
7897;851,16
7898;9438,62
7899;8059,58
7900;6563,86
7901;296,32
7902;9684,15
7903;1099,12
7904;4923,63
7905;4189,81
7906;3366,38
7907;87,54
7908;5066,12
7909;1661,61
7910;557,75
7911;1427,84
7912;7091,95
7913;3792,51
7914;3494,42
7915;9362,64
7916;3631,86
7917;5201,54
7918;4517,45
7919;1106,05
7920;8041,3
7921;1808,26
7922;6568,05
7923;6385,82
7924;968,6
7925;5252,27
7926;4744,7
7927;8939,53
7928;3231,18
7929;6644,76
7930;446,41
7931;8414,87
7932;6042,9
7933;9135,11
7934;9633,28
7935;1636,57
7936;702,25
7937;2214,61
7938;4047,61
7939;5437,25
7940;5634,31
7941;8361,35
7942;1630,97
7943;3617,04
7944;8256,08
7945;5420,62
7946;9079,29
7947;9140,15
7948;5110,41
7949;7027,63
7950;5570,09
7951;869,45
7952;1208,02
7953;9316,16
7954;9826,94
7955;348,01
7956;8471,96
7957;1520,5
7958;355,01
7959;1596,68
7960;9499,9
7961;1545,7
7962;6601,19
7963;2888,6
7964;4067,08
7965;3836,35
7966;9874,85
7967;4995,03
7968;2170,5
7969;4478,12
7970;1342,91
7971;9407,68
7972;5204,44
7973;9673,62
7974;5777,3
7975;4086,56
7976;4251,43
7977;8874,89
7978;5557,6
7979;6326,8
7980;4279,76
7981;8467,76
7982;8183,36
7983;7995,15
7984;1709,57
7985;1688,3
7986;1705,07
7987;2985,36
7988;4463
7989;4252,15
7990;5231,66
7991;6126,47
7992;6594,56
7993;6733,79
7994;6694,87
7995;7141,41
7996;6579,31
7997;8199,91
7998;1863,37
7999;4772,55
8000;2098
8001;3796,74
8002;8378,18
8003;6848,2
8004;6822,71
8005;5966,64
8006;2194,63
8007;3226,47
8008;6585,33
8009;2712,8
8010;5532,52
8011;6886,43
8012;7775,77
8013;7507,72
8014;7208,32
8015;2253,54
8016;1762,97
8017;1279,56
8018;1226,03
8019;7023,13
8020;8386,8
8021;8410,06
8022;9744,19
8023;7693,21
8024;5514,29
8025;3811,81
8026;4155,29
8027;2045,63
8028;7721,53
8029;7651,32
8030;6271,75
8031;3238,08
8032;3027,82
8033;9916,18
8034;8379,02
8035;2351,46
8036;7867,3
8037;3612,02
8038;2989,16
8039;3057,07
8040;9135,81
8041;1675,29
8042;4643,05
8043;425,58
8044;7151,25
8045;5996,37
8046;6553,85
8047;6515,15
8048;5826,56
8049;9265,22
8050;1970,89
8051;1238,31
8052;9341,8
8053;7351,43
8054;6594,17
8055;6504,2
8056;5079,99
8057;5202,76
8058;2481,81
8059;5351,67
8060;4623,48
8061;2260,88
8062;9525,35
8063;6855,37
8064;5464,44
8065;2875,64
8066;2485,6
8067;9241,95
8068;2518,99
8069;7849,68
8070;2567,76
8071;5027,29
8072;6097,7
8073;422,05
8074;5416,81
8075;841,69
8076;2130,5
8077;5661,83
8078;2598,87
8079;1815,11
8080;1717,41
8081;3549,24
8082;5239,82
8083;5596,91
8084;8005,97
8085;7786,46
8086;2827,07
8087;4721,16
8088;7927,27
8089;332,28
8090;1524,32
8091;7860,29
8092;7108,37
8093;9416,36
8094;9549,77
8095;7441,29
8096;4823,4
8097;9373,53
8098;7049,93
8099;6832,02
8100;9150,67
8101;8822,66
8102;1844,16
8103;5177,06
8104;1435,71
8105;7744,05
8106;7832,85
8107;9558,11
8108;9654,01
8109;8182,19
8110;7194,33
8111;124,18
8112;7418,43
8113;1164,42
8114;6791,65
8115;3379,88
8116;5695,29
8117;5637,99
8118;9570,3
8119;5067,3
8120;6667
8121;9546,24
8122;2991,05
8123;3591,57
8124;2445,72
8125;5416,71
8126;6999,38
8127;778,76
8128;7831,1
8129;8103,52
8130;1798,69
8131;4433,05
8132;6800,51
8133;7470,17
8134;7271,48
8135;5446,98
8136;3935,93
8137;5965,84
8138;6291,27
8139;667,11
8140;3857,1
8141;8148,27
8142;5386,2
8143;8713,23
8144;9616,99
8145;7194,11
8146;2915,52
8147;4940,02
8148;2651,76
8149;7457,05
8150;4363,14
8151;9269,08
8152;8594,3
8153;2547,11
8154;375,38
8155;5728,95
8156;1140,35
8157;594,09
8158;2289,42
8159;8037,49
8160;5562,13
8161;9626,98
8162;9237,87
8163;6512,69
8164;1828,2
8165;9074,84
8166;540,09
8167;2763,82
8168;9084,71
8169;4848,64
8170;6747,87
8171;4381,79
8172;9401,12
8173;8381,2
8174;1085,63
8175;1900,92
8176;5249,14
8177;3150,05
8178;8072,88
8179;9198,01
8180;395,33
8181;1826,21
8182;109,61
8183;2149,23
8184;812,66
8185;8110,63
8186;8809,38
8187;3319,03
8188;4895,46
8189;6633,91
8190;109,56
8191;4472,4
8192;5438,09
8193;1006,21
8194;3751,72
8195;3806,85
8196;3138,34
8197;7604,98
8198;2605,9
8199;602,61
8200;2502,38
8201;3528,85
8202;8400,3
8203;1459,16
8204;2191,32
8205;7761,25
8206;3278,77
8207;6675,16
8208;2274,72
8209;6915,71
8210;855,01
8211;2563,74
8212;6755,64
8213;1857,3
8214;1194,36
8215;6366,71
8216;5442,32
8217;8965,4
8218;2765,47
8219;2416,71
8220;2989,38
8221;1424,61
8222;5130,41
8223;4607,11
8224;4016,77
8225;1440,4
8226;6109,89
8227;7472,24
8228;1335,45
8229;4324,64
8230;9248,3
8231;25,47
8232;7078,69
8233;1593,64
8234;2639,09
8235;6599,4
8236;1931,02
8237;154,01
8238;7390,51
8239;9348,31
8240;3261,15
8241;9192,89
8242;6720,45
8243;1869,92
8244;8653,47
8245;8169,29
8246;980,73
8247;1063,36
8248;512,65
8249;4671,08
8250;7759,35
8251;2350,02
8252;1241,66
8253;4727,03
8254;2237,1
8255;9029,84
8256;8475,19
8257;5737,05
8258;8921,54
8259;3401,06
8260;4602,39
8261;3932,79
8262;3426,25
8263;4144,41
8264;5627,89
8265;6979,72
8266;8843,93
8267;1169,8
8268;5238,96
8269;5563,18
8270;8164,75
8271;8405,19
8272;1889,77
8273;1006,77
8274;4022,86
8275;367,24
8276;3595,25
8277;8499,44
8278;9249,83
8279;2753,49
8280;9899,62
8281;8877,28
8282;3104,54
8283;3072,95
8284;4076,66
8285;3402,47
8286;7390,15
8287;3913,91
8288;3316,36
8289;8593,39
8290;6927,36
8291;8164,37
8292;5226,44
8293;3318,18
8294;1556,82
8295;1521,9
8296;71,62
8297;9649,65
8298;5749,16
8299;8768,23
8300;9312,36
8301;8146,13
8302;7426,61
8303;9054,4
8304;4085,45
8305;8464,71
8306;486,17
8307;6890,09
8308;9990,2
8309;76,89
8310;7043,66
8311;1656,44
8312;8342,34
8313;5896,59
8314;9483,1
8315;4554,07
8316;8932,63
8317;4978,1
8318;2601,45
8319;2269,36
8320;535,19
8321;307,8
8322;740,89
8323;5625,02
8324;2894,48
8325;3792,15
8326;3322,35
8327;7475,83
8328;9411,62
8329;1883,16
8330;3817,64
8331;1909,27
8332;1247,43
8333;3148,6
8334;6804,03
8335;9099,83
8336;7937,76
8337;9632,28
8338;1065,71
8339;3439,45
8340;2872,19
8341;8056,66
8342;3767,26
8343;9871,3
8344;5620,1
8345;8109,78
8346;1714,72
8347;3250,9
8348;2698,72
8349;1683,47
8350;7846,34
8351;924,35
8352;532,86
8353;3408,43
8354;6234,89
8355;3096,31
8356;4867,48
8357;2394,76
8358;4373,65
8359;8399,91
8360;8092,45
8361;9236,98
8362;2256,91
8363;8656,97
8364;34,84
8365;5003,21
8366;3291,28
8367;9727,86
8368;5335,37
8369;8764,52
8370;9331,69
8371;3180,11
8372;3070,23
8373;8201,11
8374;9289,63
8375;9134,89
8376;725,38
8377;9250,34
8378;4116,29
8379;3437,38
8380;6673,14
8381;4255,6
8382;7221,27
8383;1158,47
8384;2683,62
8385;8148,43
8386;2308,8
8387;3672,35
8388;331,71
8389;973,19
8390;674,44
8391;355,38
8392;6643,45
8393;2290,34
8394;7368,27
8395;3199,16
8396;7432,31
8397;1052,06
8398;5840,56
8399;7499,97
8400;2462
8401;3085,44
8402;5880,53
8403;814,63
8404;2778,36
8405;4813,27
8406;5257,28
8407;1731,75
8408;1378,13
8409;1837,45
8410;5679,69
8411;7347,28
8412;8069,55
8413;1915,01
8414;7504,12
8415;3809,76
8416;7691,99
8417;6155,24
8418;4085,39
8419;4260,64
8420;9680,61
8421;1737,6
8422;4596,17
8423;4710,75
8424;5112,21
8425;1367,67
8426;1832,95
8427;9227,11
8428;6960,85
8429;1618,14
8430;1971,99
8431;5436,37
8432;5230,26
8433;9929,47
8434;2214,97
8435;1145,84
8436;278,48
8437;2535,6
8438;9303,99
8439;8969,77
8440;7724,51
8441;7132,04
8442;3469,12
8443;6691,3
8444;8219,27
8445;8050,11
8446;2957,81
8447;9908,07
8448;5585,51
8449;8430,52
8450;8759,04
8451;390,2
8452;4694,11
8453;634,87
8454;1447,65
8455;6753,57
8456;7051,23
8457;8061,59
8458;2979,12
8459;6976,74
8460;136,49
8461;4637,92
8462;3731,39
8463;3245,71
8464;2994,18
8465;3483,56
8466;4644,24
8467;2757,07
8468;8468,47
8469;3978,25
8470;2835,53
8471;7488,13
8472;8930,33
8473;5035,71
8474;6536,77
8475;7163,86
8476;939,61
8477;4952,98
8478;2502,23
8479;5165,34
8480;3467,14
8481;8180,23
8482;8361,79
8483;531,07
8484;2174,51
8485;1020,75
8486;6221,22
8487;888,44
8488;9755,75
8489;1544,84
8490;774,46
8491;2521,29
8492;2058,25
8493;1570,68
8494;1379,13
8495;3177,01
8496;6794,98
8497;9199,38
8498;6441,79
8499;754,17
8500;3375,87
8501;221,18
8502;1080,37
8503;9612,46
8504;7254,24
8505;1640,57
8506;7385,06
8507;5584,25
8508;3601,28
8509;6300,63
8510;1712,74
8511;678,57
8512;2463,63
8513;9507,31
8514;6901,14
8515;5042,69
8516;9430,44
8517;8119,7
8518;6111,28
8519;5439,37
8520;1506,1
8521;7701,06
8522;7494,45
8523;5508,37
8524;5239,25
8525;1140,7
8526;1338,72
8527;922,54
8528;9058,15
8529;9675,77
8530;2677,06
8531;675,75
8532;367,15
8533;6430,34
8534;725,97
8535;4909,48
8536;6187,33
8537;560,37
8538;1332,35
8539;596,04
8540;8497,66
8541;2991,36
8542;2268,13
8543;7712,4
8544;9266,01
8545;6306,33
8546;2955,4
8547;4580,35
8548;8660,07
8549;1431,4
8550;1107,77
8551;3844,47
8552;1189,93
8553;9046,14
8554;858,88
8555;9679,75
8556;2231,12
8557;7437,44
8558;339,48
8559;3696,01
8560;5185
8561;7520,83
8562;6848,52
8563;1866,2
8564;340,93
8565;4232,61
8566;5906,96
8567;7332,72
8568;9041,47
8569;5846,58
8570;5085,42
8571;5098,5
8572;6723,35
8573;104,63
8574;1424,1
8575;8430,44
8576;9068,16
8577;4925,42
8578;8724,69
8579;9088,59
8580;9927,47
8581;2780,79
8582;5989,65
8583;7901,05
8584;6539,77
8585;6115,51
8586;4099,8
8587;4319,26
8588;3006,91
8589;4993,12
8590;5890,46
8591;368,2
8592;7967,03
8593;193,36
8594;100,61
8595;3771,89
8596;1639,56
8597;3989,05
8598;6484,26
8599;9014,39
8600;1966,01
8601;3079,94
8602;2875,92
8603;3092,94
8604;5653,16
8605;7361,44
8606;6466,14
8607;7738,38
8608;9855,91
8609;8074,07
8610;8324,84
8611;1558,11
8612;9269,26
8613;9007,47
8614;4971,75
8615;4157,6
8616;7241,51
8617;453,21
8618;6853,75
8619;1494,76
8620;1308,33
8621;8507,85
8622;6583,96
8623;2581,66
8624;7002,63
8625;41,71
8626;4930,42
8627;6311,97
8628;5288,8
8629;2543,76
8630;1404,93
8631;1272,94
8632;8834,69
8633;3112,86
8634;6615,59
8635;2987,83
8636;7053,5
8637;9901,6
8638;933,38
8639;1167,11
8640;3036,22
8641;6559,5
8642;7061,74
8643;3223,58
8644;1687,58
8645;2026,8
8646;2488,85
8647;6501,22
8648;2184,36
8649;1380,84
8650;3711,56
8651;2599,17
8652;476,06
8653;3555,05
8654;2906,41
8655;3236,19
8656;3767,18
8657;5370,3
8658;9348,04
8659;1714,87
8660;7041,16
8661;6503,16
8662;434,53
8663;1716,92
8664;8275,96
8665;8709,61
8666;7406,73
8667;2412,41
8668;2991,57
8669;5113,77
8670;8691,59
8671;477,46
8672;3737,18
8673;802,5
8674;2205,27
8675;5088,93
8676;3873,94
8677;4295,01
8678;6910,04
8679;3493,99
8680;4360,43
8681;7956,89
8682;3312,93
8683;9166,98
8684;8277,3
8685;3668,69
8686;3613,33
8687;4913,73
8688;9299,72
8689;500,37
8690;1,28
8691;3267,64
8692;8522,34
8693;7116,12
8694;7439,23
8695;2542,96
8696;3575,75
8697;1453,9
8698;6931
8699;9405,88
8700;8820,33
8701;9212,48
8702;1940,89
8703;8584,13
8704;1803,92
8705;2009,98
8706;9662,63
8707;5087,26
8708;191,96
8709;4227,7
8710;4830,64
8711;4533,11
8712;4753,21
8713;9729,54
8714;6103,11
8715;51,23
8716;1288,56
8717;7761,34
8718;7316,33
8719;949,11
8720;744,88
8721;9351,65
8722;3816,64
8723;1309,21
8724;5501,35
8725;7126,65
8726;6329,48
8727;3674,09
8728;5323,84
8729;5469,06
8730;7660,99
8731;8086
8732;3933,65
8733;3505,59
8734;2792,84
8735;2716,95
8736;5145,65
8737;8150,56
8738;6989,33
8739;7162,23
8740;8328,54
8741;6939,14
8742;8965,93
8743;6899,97
8744;2368,88
8745;6532,65
8746;1300,08
8747;1460,69
8748;7698,41
8749;7861,01
8750;7200,05
8751;6986,65
8752;7375,74
8753;5536,64
8754;5662,69
8755;2000,83
8756;5632,08
8757;7577,97
8758;8592,69
8759;5025,8
8760;8377,36
8761;2537,36
8762;5754,37
8763;554,01
8764;2922,6
8765;5954,84
8766;2287,25
8767;1990,47
8768;4512,53
8769;5921,01
8770;1993,42
8771;5802,2
8772;944,61
8773;5155,47
8774;1868,19
8775;5060,81
8776;8009,12
8777;8018,85
8778;9152,79
8779;9983,31
8780;2639,26
8781;8438,73
8782;8396,31
8783;2512,49
8784;3553,67
8785;6755,43
8786;8389,71
8787;1797,8
8788;3649,73
8789;707,67
8790;6385,34
8791;481,76
8792;5742,64
8793;3910,89
8794;6376,11
8795;6098,36
8796;361,33
8797;5541,85
8798;5655,59
8799;3792,18
8800;6456,68
8801;4574,46
8802;7437,08
8803;9977,26
8804;8038,92
8805;2309,39
8806;2589,28
8807;3418,06
8808;2683,35
8809;2647,71
8810;8734,87
8811;5497,86
8812;9922,74
8813;9280,85
8814;2800,31
8815;5688,26
8816;2963,06
8817;7796,93
8818;3084,87
8819;197,36
8820;9988,16
8821;7453,45
8822;3025,76
8823;3337,82
8824;6187,05
8825;9029,26
8826;3315,37
8827;4384,3
8828;4958
8829;466,03
8830;9145,38
8831;1675,19
8832;1373,24
8833;5233,2
8834;4031,42
8835;9233,9
8836;7850,13
8837;5005,29
8838;6004,8
8839;8350,27
8840;4341,34
8841;3801,84
8842;610,48
8843;7419,61
8844;9541,78
8845;6722,11
8846;5611,81
8847;9252,11
8848;9104,72
8849;1738,63
8850;1411,64
8851;6691,96
8852;9528,51
8853;7234,08
8854;7193,5
8855;3760,94
8856;2881,82
8857;3161,7
8858;325,05
8859;6020,81
8860;2375,19
8861;7540,39
8862;6741,13
8863;8298,63
8864;5614,15
8865;5177,31
8866;2219,53
8867;5358,96
8868;4834,9
8869;523,6
8870;4529,83
8871;8098,37
8872;1447,53
8873;6306,82
8874;4254,05
8875;820,03
8876;7300,71
8877;6453,92
8878;2532,01
8879;9167,29
8880;5870,81
8881;8539,08
8882;704,08
8883;1930,23
8884;27,91
8885;2518,07
8886;4235,71
8887;9459,85
8888;7698,34
8889;6655,51
8890;3806,11
8891;3067,46
8892;2100,34
8893;9337,6
8894;2593,72
8895;9810,65
8896;9045,81
8897;887,03
8898;1819,24
8899;9110,03
8900;4290,63
8901;3450,32
8902;4724,71
8903;2334,22
8904;1142,63
8905;3275,75
8906;4084,08
8907;3117,03
8908;3783,18
8909;508,51
8910;6164,12
8911;7705,14
8912;781,49
8913;6623,94
8914;8330,73
8915;8741,86
8916;5582,38
8917;869,77
8918;2451,69
8919;2133,67
8920;3628,31
8921;5913,38
8922;2781,8
8923;3689,33
8924;9003,93
8925;8350,49
8926;2908,88
8927;697,07
8928;7342,71
8929;8446,77
8930;3302
8931;2069,41
8932;3032,92
8933;4273,45
8934;6645,5
8935;4432,86
8936;8865,57
8937;8697,53
8938;4327,56
8939;4339,14
8940;4967,3
8941;9051,02
8942;8428,85
8943;4535,32
8944;9068,36
8945;6265,42
8946;5253,61
8947;9826,76
8948;1924,16
8949;5206,64
8950;25,49
8951;7951,31
8952;8832,94
8953;8195,19
8954;1791,1
8955;1108,67
8956;9512,69
8957;6433,14
8958;6689,93
8959;123,1
8960;1539
8961;5873,67
8962;7315,99
8963;4670,6
8964;7531,25
8965;5798,35
8966;7278,79
8967;1232,83
8968;4441,62
8969;9169,53
8970;2075,24
8971;1909,14
8972;2070,19
8973;6487,69
8974;7127,31
8975;2033,32
8976;1749,29
8977;9221,04
8978;2468,36
8979;6044,14
8980;2617,69
8981;9780,3
8982;2968,89
8983;6108,13
8984;4045,69
8985;1684,03
8986;6067,03
8987;5414,78
8988;9747,48
8989;2554,85
8990;5273,9
8991;9857,12
8992;5796,05
8993;528,34
8994;6277,28
8995;8814,2
8996;7514,41
8997;4863,48
8998;6448,49
8999;7692,87
9000;3470,55
9001;511,32
9002;3067,68
9003;8707,7
9004;7480,25
9005;5733,01
9006;1790,5
9007;738,2
9008;8431,57
9009;9788,83
9010;3108,08
9011;3054,67
9012;6163
9013;346,44
9014;1987,84
9015;9481,36
9016;9498,22
9017;8193,12
9018;6077,38
9019;9807,53
9020;6089,07
9021;2055,99
9022;3006,8
9023;7317,79
9024;7109,83
9025;5732,96
9026;4124,78
9027;8957,17
9028;7676,25
9029;83,53
9030;1741,15
9031;540,78
9032;2704,45
9033;2097,32
9034;4540,62
9035;896,98
9036;4310,11
9037;3735,71
9038;7659,9
9039;7939,94
9040;2068,56
9041;2578,31
9042;3,67
9043;4747,43
9044;5760,06
9045;5478,03
9046;7980,67
9047;6901,3
9048;4907,73
9049;8333,24
9050;4927,4
9051;94,38
9052;2981,67
9053;9569,19
9054;1407,79
9055;4429,02
9056;2782,3
9057;8038,77
9058;1823,67
9059;7668,61
9060;1051,12
9061;9066
9062;6502,33
9063;5031,48
9064;8953,03
9065;2926,08
9066;1193,81
9067;4357,06
9068;1179,1
9069;2964,17
9070;8124,41
9071;9412,05
9072;9862,63
9073;5432,95
9074;7514,25
9075;9761,27
9076;8033,06
9077;3370,75
9078;3064,91
9079;9056,53
9080;4077,34
9081;4351,4
9082;6181,82
9083;5300,63
9084;5437,98
9085;2853,11
9086;8019,14
9087;671,43
9088;1249,39
9089;6425,92
9090;5440,49
9091;4516,62
9092;4497,43
9093;5973,67
9094;4678,14
9095;4765,11
9096;6937,4
9097;1988,38
9098;2995,27
9099;8815,43
9100;1004,26
9101;4749,27
9102;6994,56
9103;1197,89
9104;2,45
9105;7023,42
9106;3262,24
9107;8895,77
9108;979,74
9109;8179,17
9110;8171,62
9111;8317,28
9112;6292,38
9113;5799,25
9114;3824,12
9115;3451,33
9116;605,33
9117;7150,35
9118;4334,29
9119;4787,91
9120;5725,78
9121;4422,49
9122;3643,52
9123;7637,11
9124;1042,49
9125;2422,72
9126;4063,59
9127;8218,99
9128;8632,26
9129;5500,47
9130;8097,25
9131;3454,09
9132;9775,97
9133;7335,46
9134;4583,51
9135;2627,53
9136;5256,34
9137;8051,85
9138;3120,45
9139;4740
9140;7054,13
9141;1944,31
9142;3990,45
9143;2461,68
9144;125,28
9145;5669,32
9146;2371,66
9147;4915,08
9148;3105,71
9149;1198,24
9150;6765,2
9151;8424,49
9152;8064,53
9153;3800,6
9154;7798,73
9155;9737,5
9156;1853,03
9157;9246
9158;6024,17
9159;3321,91
9160;1637,76
9161;8026,85
9162;7200,79
9163;709,5
9164;6092,59
9165;5264,65
9166;9282,24
9167;9777,77
9168;7514,09
9169;1100,66
9170;3254,52
9171;3742,46
9172;3743,06
9173;5316,24
9174;1836,9
9175;8161,39
9176;4321,8
9177;5085,34
9178;1499,78
9179;40,84
9180;9200,8
9181;5172,68
9182;3023,7
9183;4809,23
9184;1776,26
9185;1186,9
9186;9496,86
9187;3989,95
9188;7545,97
9189;6223,7
9190;7748,72
9191;2799
9192;9223,77
9193;2361,93
9194;5847,68
9195;3628,31
9196;7327,05
9197;423,27
9198;129,41
9199;5890,75
9200;8342,78
9201;5316,55
9202;7679,28
9203;662,75
9204;3887,43
9205;4276,39
9206;697,72
9207;7857,64
9208;4669,08
9209;1562,77
9210;3973,26
9211;7815,83
9212;1748,06
9213;3889,53
9214;3098,87
9215;3224,18
9216;7491,41
9217;8704,02
9218;2658,03
9219;9166,89
9220;4253,3
9221;5507,55
9222;5838,85
9223;3154,42
9224;5554,61
9225;2548,55
9226;8647,37
9227;2344,21
9228;8218,59
9229;3060,02
9230;8131,71
9231;4493,82
9232;383,91
9233;9000,65
9234;6525,69
9235;1737,64
9236;5911,94
9237;9399,31
9238;95,57
9239;4346,2
9240;2020,74
9241;4178,53
9242;2808,18
9243;5392,32
9244;2492,75
9245;2734,2
9246;868,92
9247;1340,06
9248;8551,4
9249;6947,05
9250;7774,77
9251;2673,08
9252;1497,1
9253;6866,24
9254;8242,16
9255;2897,46
9256;1725,14
9257;3824,04
9258;7097,72
9259;220,58
9260;470,25
9261;2084,41
9262;9310,55
9263;6831,22
9264;8414,69
9265;7180,39
9266;5888,42
9267;9591,6
9268;7594,47
9269;6699,62
9270;8125,09
9271;994,65
9272;6340,48
9273;9946,91
9274;4464,77
9275;5470,71
9276;1870,58
9277;5673,4
9278;66,54
9279;8610,62
9280;6608,81
9281;9222,4
9282;2142,64
9283;3071,87
9284;1658,5
9285;8959,78
9286;6719,84
9287;5093,88
9288;7550,48
9289;9292,28
9290;7451,34
9291;4143,86
9292;7185,64
9293;5789,74
9294;8511,62
9295;8474,74
9296;2008,33
9297;9863,1
9298;3904,13
9299;8463,1
9300;9635,5
9301;9898,82
9302;7224,77
9303;1696,65
9304;4809,98
9305;6539,06
9306;5793,92
9307;7689,78
9308;9580,18
9309;82
9310;790,96
9311;5441,87
9312;208,76
9313;133,68
9314;2319,5
9315;258,96
9316;8587,45
9317;8502,58
9318;2648,69
9319;733,18
9320;9178,16
9321;8596,95
9322;7996,71
9323;8841,39
9324;7541,65
9325;18,87
9326;2112,24
9327;4677,63
9328;1011,11
9329;5474,5
9330;4826,27
9331;8837,72
9332;652,83
9333;4280,91
9334;8818,69
9335;1853,13
9336;9037,83
9337;5817,16
9338;3452,06
9339;7468,69
9340;4400,5
9341;9451,15
9342;4897,43
9343;7031,56
9344;386,87
9345;8242,53
9346;804,27
9347;6698,5
9348;8255
9349;9926,78
9350;4609,52
9351;96,44
9352;24,54
9353;9017,33
9354;7787,66
9355;2392,38
9356;7237,75
9357;6521,15
9358;6664,95
9359;6637,89
9360;7468,6
9361;5115,95
9362;2812,39
9363;3693,66
9364;7036,19
9365;9714,92
9366;8639,39
9367;4641,36
9368;5211,79
9369;1283,55
9370;1885,07
9371;44,67
9372;3674,53
9373;436,95
9374;3784,04
9375;3519,1
9376;4296,02
9377;2016,58
9378;3417,32
9379;5328,52
9380;9743,43
9381;5974,11
9382;4830,74
9383;137,39
9384;9436,46
9385;954,3
9386;4309,87
9387;4558,81
9388;90,06
9389;8163,32
9390;344,41
9391;2085,4
9392;9240,42
9393;5931,68
9394;3920,13
9395;3823,76
9396;3303,78
9397;2357,95
9398;5808,54
9399;6140,71
9400;7787,27
9401;8479,34
9402;375,58
9403;8733,48
9404;4226
9405;67,45
9406;3457,72
9407;6872,06
9408;700,71
9409;1034,33
9410;7485,63
9411;6993,99
9412;2167,49
9413;7114,38
9414;7504,33
9415;753,68
9416;1604,78
9417;9216,44
9418;1927,93
9419;9589,77
9420;6784,85
9421;3957,32
9422;1961,88
9423;9270,66
9424;6033,28
9425;3810,36
9426;1337,17
9427;1486,09
9428;973,89
9429;1311,09
9430;9530,89
9431;7232,9
9432;2207,9
9433;2952,6
9434;5764,7
9435;8705,98
9436;3737,52
9437;3723,02
9438;561,76
9439;9523,2
9440;1341,09
9441;1405,45
9442;3018,86
9443;5340,67
9444;1890,82
9445;8616,04
9446;4748,56
9447;8623,98
9448;5023,68
9449;8653,53
9450;7711,86
9451;3231,52
9452;2291,99
9453;5483,58
9454;8431,58
9455;6537,44
9456;5991,47
9457;6296,6
9458;3261,2
9459;2252,18
9460;1310,11
9461;2495,91
9462;2896,93
9463;4721,92
9464;4488,8
9465;9501,63
9466;3082,84
9467;4898,33
9468;1422,9
9469;3074,46
9470;1842,01
9471;989,87
9472;1256,5
9473;9078,35
9474;3065,79
9475;8453,79
9476;1669,94
9477;9989,09
9478;1395,37
9479;2791,36
9480;9590,25
9481;7456,52
9482;7649,62
9483;7240,04
9484;2955,28
9485;311,28
9486;1443,09
9487;2544,26
9488;9033,49
9489;1659,01
9490;3035,55
9491;4131,16
9492;911,29
9493;1041,02
9494;416,48
9495;6826,74
9496;5376,8
9497;307,81
9498;1283,71
9499;9995,81
9500;9433,99
9501;3319,09
9502;7314,77
9503;327,46
9504;6663,11
9505;7680,92
9506;7181,25
9507;8799,25
9508;1864,42
9509;1897,23
9510;9790,47
9511;9015,82
9512;9670,21
9513;8825,87
9514;6587,39
9515;6441,16
9516;977,79
9517;3887,63
9518;4730,34
9519;9248,19
9520;6993,94
9521;6137,98
9522;6438,39
9523;5087,64
9524;9975,7
9525;6292,36
9526;2941,32
9527;5451,32
9528;4362,18
9529;7034,65
9530;9802,56
9531;3234,48
9532;1542,01
9533;4945,07
9534;662,44
9535;9142,66
9536;9945,06
9537;3313,89
9538;4896,18
9539;7650,74
9540;5398,42
9541;3119,96
9542;802,62
9543;1892,8
9544;1719,36
9545;6049,88
9546;3520,89
9547;3807,09
9548;2785,93
9549;8059,04
9550;2115,21
9551;1219,29
9552;4913,68
9553;7703,7
9554;2122,55
9555;8024,95
9556;7068,99
9557;5064,46
9558;4732,67
9559;8479,17
9560;4986,45
9561;9193,95
9562;8721,71
9563;9765,84
9564;1264,22
9565;8416,37
9566;911,41
9567;8303,94
9568;9129,9
9569;9153,97
9570;4301,1
9571;7299,81
9572;9281,1
9573;5063,14
9574;1159,92
9575;5879,42
9576;1496,07
9577;1486,93
9578;9792,52
9579;183,5
9580;3495,33
9581;3438,82
9582;679,72
9583;8495,65
9584;9379,19
9585;2349,37
9586;9409,07
9587;1667,11
9588;2430,58
9589;4737,42
9590;715,28
9591;563,16
9592;4343,7
9593;5187,86
9594;65,99
9595;8782,47
9596;6672,99
9597;2640,56
9598;1902,44
9599;8090,1
9600;8723,63
9601;12,06
9602;1010,69
9603;3267,65
9604;7935,72
9605;6533,76
9606;2755,01
9607;1316,22
9608;869,1
9609;9604,4
9610;9886,2
9611;5390,1
9612;8188,52
9613;6395,6
9614;7452,04
9615;1587,33
9616;750,11
9617;112,73
9618;8479,94
9619;3647
9620;575,28
9621;9862,8
9622;6272,5
9623;20,52
9624;7912,79
9625;7993,58
9626;9834,29
9627;5393,03
9628;7154,43
9629;919,7
9630;3762,45
9631;7627,33
9632;7951,09
9633;5100,06
9634;7212,07
9635;1974,2
9636;6552,25
9637;4653,47
9638;6573,94
9639;4799,43
9640;4532,4
9641;945,05
9642;7265,96
9643;2855,43
9644;4205,82
9645;2528,53
9646;9616,27
9647;4591,49
9648;6770
9649;2182,02
9650;7096,49
9651;8401,15
9652;9170,79
9653;6011,1
9654;3952,48
9655;8402,48
9656;6980,54
9657;7,12
9658;4444,4
9659;3910,76
9660;8416,41
9661;6859,43
9662;8601,52
9663;4117,84
9664;7967,13
9665;5896,64
9666;1471,97
9667;6412,95
9668;4099,05
9669;5460,83
9670;1006,56
9671;1327,47
9672;3004,09
9673;4949,39
9674;9324,76
9675;6603,99
9676;6708,61
9677;9870,93
9678;8942,29
9679;3793,94
9680;8930,36
9681;8387,97
9682;5034,64
9683;6091,51
9684;22,77
9685;7492,62
9686;3267,52
9687;3358,86
9688;1035,09
9689;2166,18
9690;2990,65
9691;474,12
9692;5145,64
9693;1712,19
9694;9928,14
9695;5631,01
9696;2733,76
9697;9321,83
9698;1547,12
9699;6429,95
9700;8991,47
9701;9951,61
9702;7745,52
9703;1598,17
9704;2816,31
9705;3453,35
9706;1817,56
9707;3066,02
9708;6081,25
9709;4791,51
9710;8928,44
9711;3425,18
9712;478,04
9713;4058,38
9714;6376,44
9715;9787,64
9716;3199,31
9717;4968,45
9718;3880,31
9719;5219,46
9720;6389,03
9721;4588,48
9722;2726,8
9723;6010,31
9724;6928,75
9725;6082,05
9726;9597,96
9727;5596,38
9728;5669,29
9729;9179,97
9730;4919,92
9731;7297,14
9732;4190,73
9733;5503,41
9734;3155,98
9735;8851,32
9736;6822,41
9737;4757,07
9738;7872,76
9739;8916,58
9740;4279,93
9741;1657,91
9742;6293,3
9743;1101,41
9744;3050,67
9745;8189,3
9746;8649,15
9747;9264,57
9748;853,19
9749;3721,03
9750;5921,47
9751;7546,95
9752;3361,76
9753;1933,2
9754;2526,22
9755;2116,6
9756;7132,66
9757;9529,89
9758;7535,58
9759;8727,66
9760;4924,85
9761;6119,86
9762;2127,48
9763;6159,25
9764;9903,82
9765;6143,47
9766;8936,51
9767;7361,04
9768;2022,81
9769;5685,72
9770;6604,81
9771;6124,56
9772;1089,96
9773;4872,1
9774;8171,46
9775;4937,99
9776;4828,77
9777;4874,1
9778;6046,14
9779;1770,22
9780;3676,83
9781;644,98
9782;4036,28
9783;7597,15
9784;2434,25
9785;503,05
9786;267,25
9787;7599,46
9788;943,52
9789;3066
9790;5433,98
9791;2370,59
9792;1465,88
9793;8313,78
9794;7962,14
9795;4910,21
9796;974,53
9797;9863,75
9798;7960,59
9799;3211,22
9800;7301,44
9801;5612,34
9802;6136,18
9803;3650,74
9804;4076,47
9805;261,78
9806;3469,94
9807;6381,18
9808;8237,86
9809;1187,99
9810;8865,79
9811;4154,22
9812;6466,16
9813;6963,54
9814;937,93
9815;4069,68
9816;5939,68
9817;2480,77
9818;1133,18
9819;1343,48
9820;4895,64
9821;716,94
9822;9267,81
9823;9000,29
9824;9133,87
9825;4486,14
9826;2065,21
9827;9485,55
9828;348,61
9829;670,9
9830;5861,93
9831;1813,94
9832;6057,61
9833;8342,29
9834;247,25
9835;3385,79
9836;3653,3
9837;9940,57
9838;1561,64
9839;539,2
9840;8984,7
9841;7840,27
9842;9303,02
9843;7106,91
9844;7645,15
9845;450,39
9846;4280,7
9847;5905,98
9848;5842,79
9849;4654,7
9850;1222,23
9851;1715,53
9852;6713,13
9853;4973,49
9854;2826,8
9855;4896,18
9856;8527,91
9857;9540,41
9858;718,84
9859;7898,6
9860;5010,24
9861;4400,07
9862;1745,88
9863;8395,41
9864;5025,74
9865;4412,06
9866;1465,08
9867;8218,44
9868;6706,91
9869;8844,9
9870;5944,5
9871;7153,34
9872;4459,62
9873;34,84
9874;3878,59
9875;1018,6
9876;758,9
9877;9346,81
9878;6259,73
9879;9547,12
9880;2425,38
9881;9958,76
9882;409,1
9883;8582,33
9884;3531,81
9885;3328,95
9886;450,73
9887;5778,97
9888;8640,33
9889;4906,73
9890;254,91
9891;5515,39
9892;3190,83
9893;5602,03
9894;3548,81
9895;1005,36
9896;9062,9
9897;7619,22
9898;4285,21
9899;7149,17
9900;6480,15
9901;6361,27
9902;6275,76
9903;6937,75
9904;661,67
9905;3359,72
9906;2730,39
9907;7469,17
9908;2128,71
9909;2667,34
9910;1866,47
9911;4342,96
9912;2971,56
9913;8404,4
9914;7575,13
9915;7345,3
9916;7326,46
9917;6079,51
9918;6420,93
9919;7182,53
9920;2763,97
9921;9195,77
9922;4693,63
9923;7773,22
9924;5889,03
9925;8456,24
9926;3018,2
9927;1016,86
9928;2206,76
9929;1310,86
9930;8367,32
9931;2520,88
9932;9147,5
9933;815,67
9934;5253,24
9935;3454,01
9936;6691,67
9937;3960,54
9938;8590,37
9939;11,56
9940;6751,9
9941;7179,46
9942;2391,51
9943;7287,41
9944;76,87
9945;399,62
9946;4494,54
9947;6761,19
9948;3533,93
9949;6996,82
9950;8500,18
9951;5256,77
9952;2759,66
9953;2876,14
9954;6722,35
9955;9470,15
9956;9419,1
9957;7815,96
9958;4313,18
9959;9446,98
9960;6561,48
9961;3942,14
9962;6459,39
9963;2311,93
9964;9803,64
9965;9537,29
9966;6407,63
9967;34,51
9968;5762,78
9969;8874,57
9970;991,62
9971;3087,07
9972;3173,02
9973;7354,33
9974;7914,53
9975;8880,19
9976;1360,89
9977;2237,77
9978;6580,74
9979;8122,26
9980;1246,96
9981;2561,47
9982;7227,25
9983;6912,63
9984;587,41
9985;6311,6
9986;5484,96
9987;110,56
9988;4059,35
9989;112,39
9990;963,13
9991;3834,64
9992;1545,76
9993;3887,31
9994;4044,37
9995;9174,27
9996;483,94
9997;8455,58
9998;5951,36
9999;357,03
10000;3982,54
